<step title="Incoming Request" date="2025-10-21T20:28:51.363" instance="cbe9e9" url="/api/zipdeploy?isAsync=true" method="POST" type="request" pid="822,1,31" Accept="*/*" Host="sentiment-analysis-ryan-20241215-ezgkezdjfsdpf8by.scm.eastus-01.azurewebsites.net" User-Agent="AZURECLI/2.77.0 (MSI)" Accept-Encoding="gzip, deflate" Authorization="Bea..." Cache-Control="no-cache" Content-Type="application/octet-stream" Content-Length="9081004" x-ms-client-request-id="877b0b22-aebc-11f0-927d-08920435fd22" x-ms-artifact-checksum="c63a4c94245746c8b0b522e651cfc7ca2c7d409a04d17f49d130f353d770217a" X-ARR-LOG-ID="877b0b22-aebc-11f0-927d-08920435fd22" CLIENT-IP="170.85.56.92:9274" X-SITE-DEPLOYMENT-ID="sentiment-analysis-ryan-20241215" WAS-DEFAULT-HOSTNAME="sentiment-analysis-ryan-20241215-ezgkezdjfsdpf8by.scm.eastus-01.azurewebsites.net" X-Forwarded-Proto="https" X-AppService-Proto="https" X-Forwarded-TlsVersion="1.3" X-WAWS-Unencoded-URL="/api/zipdeploy?isAsync=true" X-Client-IP="170.85.56.92" X-Client-Port="9274" >
  <step title="Cleanup Xml Logs" date="2025-10-21T20:28:51.382" /><!-- duration: 43ms -->
  <step title="ZipPushDeploy" date="2025-10-21T20:28:51.920" >
    <step title="ZipDeploy. Extract zip." date="2025-10-21T20:28:51.947" /><!-- duration: 4ms -->
    <step title="None repository commit" date="2025-10-21T20:28:51.977" >
      <step title="Commit id: fc385334-ded5-4bcc-942c-f4a8102ed33e" date="2025-10-21T20:28:51.985" Message="N/A" AuthorName="N/A" AuthorEmail="N/A" /><!-- duration: 3ms -->
    </step><!-- duration: 33ms -->
    <step title="Starting PushDeployAsync" date="2025-10-21T20:28:52.018" /><!-- duration: 16ms -->
    <step title="Writing artifact to /tmp/zipdeploy/3da3c41c-0d81-4a15-adac-e043098cbd37.zip" date="2025-10-21T20:28:52.146" >
      <step title="Writing multipart request body to /tmp/zipdeploy/3da3c41c-0d81-4a15-adac-e043098cbd37.zip" date="2025-10-21T20:28:52.178" /><!-- duration: 15ms -->
    </step><!-- duration: 1071ms -->
    <step title="Start deployment in the background" date="2025-10-21T20:28:53.239" >
      <step title="Acquiring Deployment Lock" date="2025-10-21T20:28:53.284" /><!-- duration: 4ms -->
      <step title="Acquired Deployment Lock" date="2025-10-21T20:28:53.389" /><!-- duration: 3ms -->
    </step><!-- duration: 314ms -->
  </step><!-- duration: 1654ms -->
  <step title="Outgoing response" date="2025-10-21T20:28:53.584" type="response" statusCode="202" statusText="Accepted" /><!-- duration: 3ms -->
</step><!-- duration: 2227ms -->
