<step title="Incoming Request" date="2025-10-21T20:33:06.205" instance="cbe9e9" url="/api/zipdeploy?isAsync=true" method="POST" type="request" pid="822,1,34" Accept="*/*" Host="sentiment-analysis-ryan-20241215-ezgkezdjfsdpf8by.scm.eastus-01.azurewebsites.net" User-Agent="AZURECLI/2.77.0 (MSI)" Accept-Encoding="gzip, deflate" Authorization="Bea..." Cache-Control="no-cache" Content-Type="application/octet-stream" Content-Length="9119668" x-ms-client-request-id="20518485-aebd-11f0-a681-08920435fd22" x-ms-artifact-checksum="ba92d4ceed189d07da666f02e526d82ebf4b7035ed174bdda7c6a70b9b603a03" X-ARR-LOG-ID="20518485-aebd-11f0-a681-08920435fd22" CLIENT-IP="170.85.56.92:17277" X-SITE-DEPLOYMENT-ID="sentiment-analysis-ryan-20241215" WAS-DEFAULT-HOSTNAME="sentiment-analysis-ryan-20241215-ezgkezdjfsdpf8by.scm.eastus-01.azurewebsites.net" X-Forwarded-Proto="https" X-AppService-Proto="https" X-Forwarded-TlsVersion="1.3" X-WAWS-Unencoded-URL="/api/zipdeploy?isAsync=true" X-Client-IP="170.85.56.92" X-Client-Port="17277" >
  <step title="Cleanup Xml Logs" date="2025-10-21T20:33:06.208" /><!-- duration: 8ms -->
  <step title="ZipPushDeploy" date="2025-10-21T20:33:06.226" >
    <step title="ZipDeploy. Extract zip." date="2025-10-21T20:33:06.232" /><!-- duration: 3ms -->
    <step title="Starting PushDeployAsync" date="2025-10-21T20:33:06.239" /><!-- duration: 4ms -->
    <step title="Writing artifact to /tmp/zipdeploy/f9d35758-8497-4aff-a431-ab2dfc0de7cb.zip" date="2025-10-21T20:33:06.248" >
      <step title="Writing multipart request body to /tmp/zipdeploy/f9d35758-8497-4aff-a431-ab2dfc0de7cb.zip" date="2025-10-21T20:33:06.253" /><!-- duration: 8ms -->
    </step><!-- duration: 1196ms -->
    <step title="Start deployment in the background" date="2025-10-21T20:33:07.462" >
      <step title="Acquiring Deployment Lock" date="2025-10-21T20:33:07.483" /><!-- duration: 5ms -->
      <step title="Acquired Deployment Lock" date="2025-10-21T20:33:07.525" /><!-- duration: 4ms -->
    </step><!-- duration: 132ms -->
  </step><!-- duration: 1373ms -->
  <step title="Outgoing response" date="2025-10-21T20:33:07.604" type="response" statusCode="202" statusText="Accepted" /><!-- duration: 8ms -->
</step><!-- duration: 1411ms -->
