<step title="Incoming Request" date="2025-10-22T20:11:02.186" instance="e3848c" url="/api/publish?async=true&amp;deployer=GITHUB_ONE_DEPLOY&amp;type=zip&amp;message=%7B%22type%22%3A%22deployment%22%2C%22sha%22%3A%2216b49187867c6b36ae5f3264bed0b7c88a74c250%22%2C%22repoName%22%3A%22ryanvarghese%2Fsentiment-analysis-app%22%2C%22actor%22%3A%22ryanvarghese%22%2C%22slotName%22%3A%22Production%22%2C%22commitMessage%22%3A%22Fix%20GitHub%20Actions%20workflow%20-%20specify%20project%20file%20explicitly%22%7D" method="POST" type="request" pid="821,1,21" Host="sentiment-analysis-ryan-20241215-ezgkezdjfsdpf8by.scm.eastus-01.azurewebsites.net" User-Agent="GITHUBACTIONS_DeployWebAppToAzure_55a741079db564e1ec1c7045117c16361823a7e1a89d426e415bcbb9d0ab6a0d" Authorization="Bea..." Content-Type="application/octet-stream" Cookie="ARRAffinity=e3848c4a19ed5120ac06e6c4552adf58a74475463871a23ea40c8f269e489576;Path=/;HttpOnly;Secure;Domain=sentiment-analysis-ryan-20241215-ezgkezdjfsdpf8by.scm.eastus-01.azurewebsites.net; ARRAffinitySameSite=e3848c4a19ed5120ac06e6c4552adf58a74475463871a23ea40c8f269e489576;Path=/;HttpOnly;SameSite=None;Secure;Domain=sentiment-analysis-ryan-20241215-ezgkezdjfsdpf8by.scm.eastus-01.azurewebsites.net" Transfer-Encoding="chunked" X-ARR-LOG-ID="8527367c-1478-442c-b0d9-5b096c385759" CLIENT-IP="172.184.174.120:14360" X-SITE-DEPLOYMENT-ID="sentiment-analysis-ryan-20241215" WAS-DEFAULT-HOSTNAME="sentiment-analysis-ryan-20241215-ezgkezdjfsdpf8by.scm.eastus-01.azurewebsites.net" X-Forwarded-Proto="https" X-AppService-Proto="https" X-Forwarded-TlsVersion="1.3" X-WAWS-Unencoded-URL="/api/publish?async=true&amp;deployer=GITHUB_ONE_DEPLOY&amp;type=zip&amp;message=%7B%22type%22%3A%22deployment%22%2C%22sha%22%3A%2216b49187867c6b36ae5f3264bed0b7c88a74c250%22%2C%22repoName%22%3A%22ryanvarghese%2Fsentiment-analysis-app%22%2C%22actor%22%3A%22ryanvarghese%22%2C%22slotName%22%3A%22Production%22%2C%22commitMessage%22%3A%22Fix%20GitHub%20Actions%20workflow%20-%20specify%20project%20file%20explicitly%22%7D" X-Client-IP="172.184.174.120" X-Client-Port="14360" >
  <step title="OneDeploy" date="2025-10-22T20:11:02.218" >
    <step title="None repository commit" date="2025-10-22T20:11:02.241" >
      <step title="Commit id: 354b0349-d8ca-4f72-9be1-694be43cf0cd" date="2025-10-22T20:11:02.246" Message="N/A" AuthorName="N/A" AuthorEmail="N/A" /><!-- duration: 3ms -->
    </step><!-- duration: 11ms -->
    <step title="Starting PushDeployAsync" date="2025-10-22T20:11:02.255" /><!-- duration: 3ms -->
    <step title="Writing artifact to /tmp/zipdeploy/bee7bfc8-e246-4383-bfaa-786aea2188fc.zip" date="2025-10-22T20:11:02.269" >
      <step title="Writing multipart request body to /tmp/zipdeploy/bee7bfc8-e246-4383-bfaa-786aea2188fc.zip" date="2025-10-22T20:11:02.273" /><!-- duration: 5ms -->
    </step><!-- duration: 583ms -->
    <step title="Start deployment in the background" date="2025-10-22T20:11:02.863" >
      <step title="Acquiring Deployment Lock" date="2025-10-22T20:11:02.880" /><!-- duration: 3ms -->
      <step title="Acquired Deployment Lock" date="2025-10-22T20:11:02.931" /><!-- duration: 7ms -->
    </step><!-- duration: 137ms -->
  </step><!-- duration: 788ms -->
  <step title="Outgoing response" date="2025-10-22T20:11:03.019" type="response" statusCode="202" statusText="Accepted" /><!-- duration: 3ms -->
</step><!-- duration: 839ms -->
