<step title="Incoming Request" date="2025-10-21T21:06:57.890" instance="cbe9e9" url="/api/publish?type=zip" method="POST" type="request" pid="822,1,61" Accept="*/*" Host="sentiment-analysis-ryan-20241215-ezgkezdjfsdpf8by.scm.eastus-01.azurewebsites.net" User-Agent="AZURECLI/2.77.0 (MSI)" Accept-Encoding="gzip, deflate" Authorization="Bea..." Cache-Control="no-cache" Content-Type="application/octet-stream" Cookie="ARRAffinity=cbe9e9718f0d822410f26ed3f330ac773a82055728017e0ba3ca3b7f294aae71; ARRAffinitySameSite=cbe9e9718f0d822410f26ed3f330ac773a82055728017e0ba3ca3b7f294aae71" Content-Length="9410909" x-ms-client-request-id="d739e688-aec1-11f0-bbef-08920435fd22" x-ms-artifact-checksum="34a591282692984872c7d6130b5cf7236ad9266126083be266fdbd101fa7a783" X-ARR-LOG-ID="d739e688-aec1-11f0-bbef-08920435fd22" CLIENT-IP="170.85.56.92:32692" X-SITE-DEPLOYMENT-ID="sentiment-analysis-ryan-20241215" WAS-DEFAULT-HOSTNAME="sentiment-analysis-ryan-20241215-ezgkezdjfsdpf8by.scm.eastus-01.azurewebsites.net" X-Forwarded-Proto="https" X-AppService-Proto="https" X-Forwarded-TlsVersion="1.3" X-WAWS-Unencoded-URL="/api/publish?type=zip" X-Client-IP="170.85.56.92" X-Client-Port="32692" >
  <step title="OneDeploy" date="2025-10-21T21:06:58.071" >
    <step title="Starting PushDeployAsync" date="2025-10-21T21:06:58.088" /><!-- duration: 3ms -->
    <step title="Writing artifact to /tmp/zipdeploy/3f8d7033-fe02-40e4-b853-e6d2e528e4f0.zip" date="2025-10-21T21:06:58.100" >
      <step title="Writing multipart request body to /tmp/zipdeploy/3f8d7033-fe02-40e4-b853-e6d2e528e4f0.zip" date="2025-10-21T21:06:58.105" /><!-- duration: 5ms -->
    </step><!-- duration: 1089ms -->
    <step title="Attempting to fetch target branch HEAD" date="2025-10-21T21:06:59.207" /><!-- duration: 4ms -->
    <step title="Acquiring Deployment Lock" date="2025-10-21T21:06:59.222" /><!-- duration: 4ms -->
    <step title="Acquired Deployment Lock" date="2025-10-21T21:06:59.284" /><!-- duration: 3ms -->
    <step title="Performing fetch based deployment" date="2025-10-21T21:06:59.297" >
      <step title="Creating temporary deployment" date="2025-10-21T21:06:59.306" /><!-- duration: 77ms -->
      <step title="Releasing Deployment Lock" date="2025-10-21T21:07:00.799" /><!-- duration: 8ms -->
      <step title="Cleaning up temp folders from previous zip deployments and extracting pushed zip file /tmp/zipdeploy/3f8d7033-fe02-40e4-b853-e6d2e528e4f0.zip (8.97 MB) to /tmp/zipdeploy/extracted" date="2025-10-21T21:07:00.829" >
        <step title="ChmodRecursive Process exited with total time taken in ms: 181" date="2025-10-21T21:07:01.776" /><!-- duration: 8ms -->
      </step><!-- duration: 959ms -->
      <step title="None repository commit" date="2025-10-21T21:07:01.796" >
        <step title="Commit id: 3943ae16-99ed-439d-ac7a-1487f7956e58" date="2025-10-21T21:07:01.799" Message="OneDeploy" AuthorName="N/A" AuthorEmail="N/A" /><!-- duration: 3ms -->
      </step><!-- duration: 8ms -->
      <step title="Deployment timer started" date="2025-10-21T21:07:03.817" >
        <step title="DeploymentManager.Deploy(id:3943ae16-99ed-439d-ac7a-1487f7956e58)" date="2025-10-21T21:07:03.831" >
          <step title="Collecting changeset information" date="2025-10-21T21:07:03.869" /><!-- duration: 89ms -->
          <step title="Updating submodules" date="2025-10-21T21:07:03.967" /><!-- duration: 1162ms -->
          <step title="Determining deployment builder" date="2025-10-21T21:07:05.361" >
            <step title="Builder is OneDeployBuilder" date="2025-10-21T21:07:05.376" /><!-- duration: 3ms -->
          </step><!-- duration: 23ms -->
          <step title="PreDeployment: context.CleanOutputPath False" date="2025-10-21T21:07:05.430" >
            <step title="PreDeployment: context.OutputPath /home/site/wwwroot" date="2025-10-21T21:07:05.546" >
              <step title="Building" date="2025-10-21T21:07:05.666" >
                <step title="Executing external process" date="2025-10-21T21:07:06.473" type="process" path="starter.sh" arguments="/opt/Kudu/Scripts/parallel_rsync.sh /tmp/zipdeploy/extracted /home/site/wwwroot 8 /tmp/ False False  " >
                  <step title="Process dump" date="2025-10-21T21:07:24.865" exitCode="123" type="processOutput" /><!-- duration: 4ms -->
                </step><!-- duration: 18402ms -->
                <step title="Error occurred" date="2025-10-21T21:07:24.906" type="error" text="rsync: [receiver] open &quot;/home/site/wwwroot/publish\appsettings.Development.json&quot; failed: Invalid argument (22)
rsync: [receiver] open &quot;/home/site/wwwroot/publish\publish\publish\temp-extract\appsettings.json&quot; failed: Invalid argument (22)
rsync: [receiver] open &quot;/home/site/wwwroot/publish\publish\publish\temp-extract\publish\appsettings.Production.json&quot; failed: Invalid argument (22)
rsync: [receiver] open &quot;/home/site/wwwroot/publish\publish\publish\temp-extract\publish\publish\appsettings.Production.json&quot; failed: Invalid argument (22)
rsync: [receiver] open &quot;/home/site/wwwroot/publish\publish\publish\temp-extract\publish\publish\appsettings.example.json&quot; failed: Invalid argument (22)
rsync: [receiver] open &quot;/home/site/wwwroot/publish\publish\temp-extract\publish\publish\publish\appsettings.example.json&quot; failed: Invalid argument (22)
rsync: [receiver] open &quot;/home/site/wwwroot/publish\publish\temp-extract\publish\publish\web.config&quot; failed: Invalid argument (22)
rsync: [receiver] open &quot;/home/site/wwwroot/publish\temp-extract\publish\publish\SentimentAnalysis.runtimeconfig.json&quot; failed: Invalid argument (22)
rsync: [receiver] open &quot;/home/site/wwwroot/publish\temp-extract\publish\web.config&quot; failed: Invalid argument (22)
rsync: [receiver] open &quot;/home/site/wwwroot/runtimes\unix\lib\net6.0\System.Drawing.Common.dll&quot; failed: Invalid argument (22)
rsync: [receiver] open &quot;/home/site/wwwroot/publish\appsettings.example.json&quot; failed: Invalid argument (22)
rsync: [receiver] open &quot;/home/site/wwwroot/publish\publish\appsettings.Production.json&quot; failed: Invalid argument (22)
rsync: [receiver] open &quot;/home/site/wwwroot/publish\publish\appsettings.json&quot; failed: Invalid argument (22)
rsync: [receiver] open &quot;/home/site/wwwroot/publish\publish\publish\appsettings.Production.json&quot; failed: Invalid argument (22)
rsync: [receiver] open &quot;/home/site/wwwroot/publish\publish\publish\temp-extract\appsettings.Production.json&quot; failed: Invalid argument (22)
rsync: [receiver] open &quot;/home/site/wwwroot/publish\publish\publish\temp-extract\publish\appsettings.json&quot; failed: Invalid argument (22)
rsync: [receiver] open &quot;/home/site/wwwroot/publish\publish\publish\temp-extract\web.config&quot; failed: Invalid argument (22)
rsync: [receiver] open &quot;/home/site/wwwroot/publish\publish\temp-extract\web.config&quot; failed: Invalid argument (22)
rsync: [receiver] open &quot;/home/site/wwwroot/publish\temp-extract\publish\appsettings.example.json&quot; failed: Invalid argument (22)
rsync: [receiver] open &quot;/home/site/wwwroot/publish\temp-extract\publish\publish\appsettings.Production.json&quot; failed: Invalid argument (22)
rsync: [receiver] open &quot;/home/site/wwwroot/publish\temp-extract\publish\publish\web.config&quot; failed: Invalid argument (22)
rsync: [receiver] open &quot;/home/site/wwwroot/publish\temp-extract\web.config&quot; failed: Invalid argument (22)
rsync: [receiver] open &quot;/home/site/wwwroot/runtimes\win-x64\native\vcruntime140.dll&quot; failed: Invalid argument (22)
rsync: [receiver] open &quot;/home/site/wwwroot/runtimes\win\lib\net6.0\System.Drawing.Common.dll&quot; failed: Invalid argument (22)
rsync: [receiver] open &quot;/home/site/wwwroot/runtimes\win-x64\native\Cosmos.CRTCompat.dll&quot; failed: Invalid argument (22)
rsync: [receiver] open &quot;/home/site/wwwroot/runtimes\win\lib\net6.0\System.Windows.Extensions.dll&quot; failed: Invalid argument (22)
rsync: [receiver] open &quot;/home/site/wwwroot/temp-extract\SentimentAnalysis.runtimeconfig.json&quot; failed: Invalid argument (22)
rsync: [receiver] open &quot;/home/site/wwwroot/temp-extract\publish\publish\publish\appsettings.example.json&quot; failed: Invalid argument (22)
rsync: [receiver] open &quot;/home/site/wwwroot/runtimes\win-x64\native\vcruntime140_1.dll&quot; failed: Invalid argument (22)
rsync: [receiver] open &quot;/home/site/wwwroot/temp-extract\publish\SentimentAnalysis.runtimeconfig.json&quot; failed: Invalid argument (22)
rsync: [receiver] open &quot;/home/site/wwwroot/temp-extract\publish\appsettings.json&quot; failed: Invalid argument (22)
rsync: [receiver] open &quot;/home/site/wwwroot/temp-extract\publish\publish\SentimentAnalysis.deps.json&quot; failed: Invalid argument (22)
rsync: [receiver] open &quot;/home/site/wwwroot/temp-extract\publish\publish\publish\SentimentAnalysis.deps.json&quot; failed: Invalid argument (22)
rsync: [receiver] open &quot;/home/site/wwwroot/temp-extract\publish\web.config&quot; failed: Invalid argument (22)
rsync: [receiver] open &quot;/home/site/wwwroot/publish\appsettings.json&quot; failed: Invalid argument (22)
rsync: [receiver] open &quot;/home/site/wwwroot/publish\publish\appsettings.example.json&quot; failed: Invalid argument (22)
rsync: [receiver] open &quot;/home/site/wwwroot/publish\publish\publish\appsettings.example.json&quot; failed: Invalid argument (22)
rsync: [receiver] open &quot;/home/site/wwwroot/publish\publish\publish\temp-extract\publish\publish\SentimentAnalysis.deps.json&quot; failed: Invalid argument (22)
rsync: [receiver] open &quot;/home/site/wwwroot/publish\publish\publish\SentimentAnalysis.deps.json&quot; failed: Invalid argument (22)
rsync: [receiver] open &quot;/home/site/wwwroot/publish\publish\publish\temp-extract\appsettings.example.json&quot; failed: Invalid argument (22)
rsync: [receiver] open &quot;/home/site/wwwroot/publish\publish\temp-extract\publish\SentimentAnalysis.deps.json&quot; failed: Invalid argument (22)
rsync: [receiver] open &quot;/home/site/wwwroot/publish\publish\temp-extract\publish\publish\appsettings.example.json&quot; failed: Invalid argument (22)
rsync: [receiver] open &quot;/home/site/wwwroot/publish\publish\temp-extract\publish\publish\publish\appsettings.Production.json&quot; failed: Invalid argument (22)
rsync: [receiver] open &quot;/home/site/wwwroot/publish\temp-extract\publish\publish\appsettings.example.json&quot; failed: Invalid argument (22)
rsync: [receiver] open &quot;/home/site/wwwroot/publish\temp-extract\publish\publish\publish\SentimentAnalysis.runtimeconfig.json&quot; failed: Invalid argument (22)
rsync: [receiver] open &quot;/home/site/wwwroot/temp-extract\publish\publish\SentimentAnalysis.runtimeconfig.json&quot; failed: Invalid argument (22)
rsync: [receiver] open &quot;/home/site/wwwroot/temp-extract\publish\publish\publish\appsettings.Production.json&quot; failed: Invalid argument (22)
rsync: [receiver] open &quot;/home/site/wwwroot/publish\publish\publish\temp-extract\publish\publish\appsettings.json&quot; failed: Invalid argument (22)
rsync: [receiver] open &quot;/home/site/wwwroot/publish\publish\publish\temp-extract\publish\publish\publish\appsettings.Production.json&quot; failed: Invalid argument (22)
rsync: [receiver] open &quot;/home/site/wwwroot/publish\publish\publish\web.config&quot; failed: Invalid argument (22)
rsync: [receiver] open &quot;/home/site/wwwroot/publish\publish\temp-extract\publish\SentimentAnalysis.runtimeconfig.json&quot; failed: Invalid argument (22)
rsync: [receiver] open &quot;/home/site/wwwroot/publish\publish\temp-extract\publish\appsettings.Production.json&quot; failed: Invalid argument (22)
rsync: [receiver] open &quot;/home/site/wwwroot/publish\publish\temp-extract\publish\appsettings.example.json&quot; failed: Invalid argument (22)
rsync: [receiver] open &quot;/home/site/wwwroot/publish\publish\temp-extract\publish\publish\publish\web.config&quot; failed: Invalid argument (22)
rsync: [receiver] open &quot;/home/site/wwwroot/publish\temp-extract\appsettings.Production.json&quot; failed: Invalid argument (22)
rsync: [receiver] open &quot;/home/site/wwwroot/publish\temp-extract\appsettings.example.json&quot; failed: Invalid argument (22)
rsync: [receiver] open &quot;/home/site/wwwroot/publish\temp-extract\publish\appsettings.json&quot; failed: Invalid argument (22)
rsync: [receiver] open &quot;/home/site/wwwroot/publish\temp-extract\publish\publish\publish\web.config&quot; failed: Invalid argument (22)
rsync: [receiver] open &quot;/home/site/wwwroot/temp-extract\appsettings.json&quot; failed: Invalid argument (22)
rsync: [receiver] open &quot;/home/site/wwwroot/temp-extract\publish\appsettings.Production.json&quot; failed: Invalid argument (22)
rsync: [receiver] open &quot;/home/site/wwwroot/temp-extract\publish\publish\publish\SentimentAnalysis.runtimeconfig.json&quot; failed: Invalid argument (22)
rsync: [receiver] open &quot;/home/site/wwwroot/temp-extract\publish\publish\publish\web.config&quot; failed: Invalid argument (22)
rsync: [receiver] open &quot;/home/site/wwwroot/publish\SentimentAnalysis.deps.json&quot; failed: Invalid argument (22)
rsync: [receiver] open &quot;/home/site/wwwroot/publish\publish\SentimentAnalysis.deps.json&quot; failed: Invalid argument (22)
rsync: [receiver] open &quot;/home/site/wwwroot/publish\publish\publish\temp-extract\SentimentAnalysis.runtimeconfig.json&quot; failed: Invalid argument (22)
rsync: [receiver] open &quot;/home/site/wwwroot/publish\publish\publish\temp-extract\publish\publish\publish\SentimentAnalysis.deps.json&quot; failed: Invalid argument (22)
rsync: [receiver] open &quot;/home/site/wwwroot/publish\publish\publish\temp-extract\publish\publish\publish\appsettings.example.json&quot; failed: Invalid argument (22)
rsync: [receiver] open &quot;/home/site/wwwroot/publish\publish\temp-extract\SentimentAnalysis.deps.json&quot; failed: Invalid argument (22)
rsync: [receiver] open &quot;/home/site/wwwroot/publish\publish\temp-extract\publish\publish\appsettings.Production.json&quot; failed: Invalid argument (22)
rsync: [receiver] open &quot;/home/site/wwwroot/publish\publish\web.config&quot; failed: Invalid argument (22)
rsync: [receiver] open &quot;/home/site/wwwroot/publish\temp-extract\SentimentAnalysis.runtimeconfig.json&quot; failed: Invalid argument (22)
rsync: [receiver] open &quot;/home/site/wwwroot/publish\temp-extract\appsettings.json&quot; failed: Invalid argument (22)
rsync: [receiver] open &quot;/home/site/wwwroot/publish\temp-extract\publish\appsettings.Production.json&quot; failed: Invalid argument (22)
rsync: [receiver] open &quot;/home/site/wwwroot/publish\temp-extract\publish\publish\publish\SentimentAnalysis.deps.json&quot; failed: Invalid argument (22)
rsync: [receiver] open &quot;/home/site/wwwroot/publish\web.config&quot; failed: Invalid argument (22)
rsync: [receiver] open &quot;/home/site/wwwroot/temp-extract\appsettings.Production.json&quot; failed: Invalid argument (22)
rsync: [receiver] open &quot;/home/site/wwwroot/temp-extract\appsettings.example.json&quot; failed: Invalid argument (22)
rsync: [receiver] open &quot;/home/site/wwwroot/temp-extract\publish\publish\appsettings.json&quot; failed: Invalid argument (22)
rsync: [receiver] open &quot;/home/site/wwwroot/temp-extract\publish\publish\publish\appsettings.json&quot; failed: Invalid argument (22)
rsync: [receiver] open &quot;/home/site/wwwroot/publish\publish\publish\temp-extract\SentimentAnalysis.deps.json&quot; failed: Invalid argument (22)
rsync: [receiver] open &quot;/home/site/wwwroot/publish\publish\publish\temp-extract\publish\appsettings.example.json&quot; failed: Invalid argument (22)
rsync: [receiver] open &quot;/home/site/wwwroot/publish\publish\publish\temp-extract\publish\publish\SentimentAnalysis.runtimeconfig.json&quot; failed: Invalid argument (22)
rsync: [receiver] open &quot;/home/site/wwwroot/publish\publish\publish\temp-extract\publish\publish\web.config&quot; failed: Invalid argument (22)
rsync: [receiver] open &quot;/home/site/wwwroot/publish\publish\temp-extract\publish\publish\SentimentAnalysis.deps.json&quot; failed: Invalid argument (22)
rsync: [receiver] open &quot;/home/site/wwwroot/publish\publish\temp-extract\publish\publish\appsettings.json&quot; failed: Invalid argument (22)
rsync: [receiver] open &quot;/home/site/wwwroot/publish\publish\temp-extract\publish\publish\publish\SentimentAnalysis.runtimeconfig.json&quot; failed: Invalid argument (22)
rsync: [receiver] open &quot;/home/site/wwwroot/publish\temp-extract\SentimentAnalysis.deps.json&quot; failed: Invalid argument (22)
rsync: [receiver] open &quot;/home/site/wwwroot/publish\temp-extract\publish\SentimentAnalysis.deps.json&quot; failed: Invalid argument (22)
rsync: [receiver] open &quot;/home/site/wwwroot/publish\temp-extract\publish\publish\appsettings.json&quot; failed: Invalid argument (22)
rsync: [receiver] open &quot;/home/site/wwwroot/publish\temp-extract\publish\publish\publish\appsettings.example.json&quot; failed: Invalid argument (22)
rsync: [receiver] open &quot;/home/site/wwwroot/runtimes\win-x64\native\msvcp140.dll&quot; failed: Invalid argument (22)
rsync: [receiver] open &quot;/home/site/wwwroot/runtimes\win\lib\net6.0\Microsoft.Win32.SystemEvents.dll&quot; failed: Invalid argument (22)
rsync: [receiver] open &quot;/home/site/wwwroot/runtimes\win\lib\net6.0\System.Security.Cryptography.ProtectedData.dll&quot; failed: Invalid argument (22)
rsync: [receiver] open &quot;/home/site/wwwroot/temp-extract\publish\appsettings.example.json&quot; failed: Invalid argument (22)
rsync: [receiver] open &quot;/home/site/wwwroot/temp-extract\publish\publish\appsettings.Production.json&quot; failed: Invalid argument (22)
rsync: [receiver] open &quot;/home/site/wwwroot/publish\appsettings.Production.json&quot; failed: Invalid argument (22)
rsync: [receiver] open &quot;/home/site/wwwroot/publish\publish\SentimentAnalysis.runtimeconfig.json&quot; failed: Invalid argument (22)
rsync: [receiver] open &quot;/home/site/wwwroot/publish\publish\appsettings.Development.json&quot; failed: Invalid argument (22)
rsync: [receiver] open &quot;/home/site/wwwroot/publish\publish\publish\temp-extract\publish\SentimentAnalysis.runtimeconfig.json&quot; failed: Invalid argument (22)
rsync: [receiver] open &quot;/home/site/wwwroot/publish\publish\publish\temp-extract\publish\publish\publish\SentimentAnalysis.runtimeconfig.json&quot; failed: Invalid argument (22)
rsync: [receiver] open &quot;/home/site/wwwroot/publish\publish\temp-extract\appsettings.Production.json&quot; failed: Invalid argument (22)
rsync: [receiver] open &quot;/home/site/wwwroot/publish\publish\temp-extract\appsettings.example.json&quot; failed: Invalid argument (22)
rsync: [receiver] open &quot;/home/site/wwwroot/publish\publish\temp-extract\publish\publish\SentimentAnalysis.runtimeconfig.json&quot; failed: Invalid argument (22)
rsync: [receiver] open &quot;/home/site/wwwroot/publish\publish\temp-extract\publish\publish\publish\SentimentAnalysis.deps.json&quot; failed: Invalid argument (22)
rsync: [receiver] open &quot;/home/site/wwwroot/publish\publish\temp-extract\publish\web.config&quot; failed: Invalid argument (22)
rsync: [receiver] open &quot;/home/site/wwwroot/publish\temp-extract\publish\SentimentAnalysis.runtimeconfig.json&quot; failed: Invalid argument (22)
rsync: [receiver] open &quot;/home/site/wwwroot/publish\temp-extract\publish\publish\publish\appsettings.Production.json&quot; failed: Invalid argument (22)
rsync: [receiver] open &quot;/home/site/wwwroot/publish\temp-extract\publish\publish\publish\appsettings.json&quot; failed: Invalid argument (22)
rsync: [receiver] open &quot;/home/site/wwwroot/runtimes\win-x64\native\Microsoft.Azure.Cosmos.ServiceInterop.dll&quot; failed: Invalid argument (22)
rsync: [receiver] open &quot;/home/site/wwwroot/publish\SentimentAnalysis.runtimeconfig.json&quot; failed: Invalid argument (22)
rsync: [receiver] open &quot;/home/site/wwwroot/publish\publish\publish\SentimentAnalysis.runtimeconfig.json&quot; failed: Invalid argument (22)
rsync: [receiver] open &quot;/home/site/wwwroot/publish\publish\publish\appsettings.json&quot; failed: Invalid argument (22)
rsync: [receiver] open &quot;/home/site/wwwroot/publish\publish\publish\temp-extract\publish\SentimentAnalysis.deps.json&quot; failed: Invalid argument (22)
rsync: [receiver] open &quot;/home/site/wwwroot/publish\publish\publish\temp-extract\publish\publish\publish\appsettings.json&quot; failed: Invalid argument (22)
rsync: [receiver] open &quot;/home/site/wwwroot/publish\publish\publish\temp-extract\publish\publish\publish\web.config&quot; failed: Invalid argument (22)
rsync: [receiver] open &quot;/home/site/wwwroot/publish\publish\publish\temp-extract\publish\web.config&quot; failed: Invalid argument (22)
rsync: [receiver] open &quot;/home/site/wwwroot/publish\publish\temp-extract\SentimentAnalysis.runtimeconfig.json&quot; failed: Invalid argument (22)
rsync: [receiver] open &quot;/home/site/wwwroot/publish\publish\temp-extract\appsettings.json&quot; failed: Invalid argument (22)
rsync: [receiver] open &quot;/home/site/wwwroot/publish\publish\temp-extract\publish\appsettings.json&quot; failed: Invalid argument (22)
rsync: [receiver] open &quot;/home/site/wwwroot/publish\publish\temp-extract\publish\publish\publish\appsettings.json&quot; failed: Invalid argument (22)
rsync: [receiver] open &quot;/home/site/wwwroot/publish\temp-extract\publish\publish\SentimentAnalysis.deps.json&quot; failed: Invalid argument (22)
rsync: [receiver] open &quot;/home/site/wwwroot/temp-extract\SentimentAnalysis.deps.json&quot; failed: Invalid argument (22)
rsync: [receiver] open &quot;/home/site/wwwroot/temp-extract\publish\SentimentAnalysis.deps.json&quot; failed: Invalid argument (22)
rsync: [receiver] open &quot;/home/site/wwwroot/temp-extract\web.config&quot; failed: Invalid argument (22)
rsync: [receiver] open &quot;/home/site/wwwroot/temp-extract\publish\publish\appsettings.example.json&quot; failed: Invalid argument (22)
rsync: [receiver] open &quot;/home/site/wwwroot/temp-extract\publish\publish\web.config&quot; failed: Invalid argument (22)
rsync error: some files/attrs were not transferred (see previous errors) (code 23) at main.c(1338) [sender=3.2.7]
rsync error: some files/attrs were not transferred (see previous errors) (code 23) at main.c(1338) [sender=3.2.7]
rsync error: some files/attrs were not transferred (see previous errors) (code 23) at main.c(1338) [sender=3.2.7]
rsync error: some files/attrs were not transferred (see previous errors) (code 23) at main.c(1338) [sender=3.2.7]
rsync error: some files/attrs were not transferred (see previous errors) (code 23) at main.c(1338) [sender=3.2.7]
rsync error: some files/attrs were not transferred (see previous errors) (code 23) at main.c(1338) [sender=3.2.7]
rsync error: some files/attrs were not transferred (see previous errors) (code 23) at main.c(1338) [sender=3.2.7]
rsync error: some files/attrs were not transferred (see previous errors) (code 23) at main.c(1338) [sender=3.2.7]
rsync: [receiver] open &quot;/home/site/wwwroot/publish\publish\publish\SentimentAnalysis.deps.json&quot; failed: Invalid argument (22)
rsync: [receiver] open &quot;/home/site/wwwroot/publish\publish\publish\temp-extract\appsettings.example.json&quot; failed: Invalid argument (22)
rsync: [receiver] open &quot;/home/site/wwwroot/publish\publish\temp-extract\publish\SentimentAnalysis.deps.json&quot; failed: Invalid argument (22)
rsync: [receiver] open &quot;/home/site/wwwroot/publish\publish\temp-extract\publish\publish\appsettings.example.json&quot; failed: Invalid argument (22)
rsync: [receiver] open &quot;/home/site/wwwroot/publish\publish\temp-extract\publish\publish\publish\appsettings.Production.json&quot; failed: Invalid argument (22)
rsync: [receiver] open &quot;/home/site/wwwroot/publish\temp-extract\publish\publish\appsettings.example.json&quot; failed: Invalid argument (22)
rsync: [receiver] open &quot;/home/site/wwwroot/publish\temp-extract\publish\publish\publish\SentimentAnalysis.runtimeconfig.json&quot; failed: Invalid argument (22)
rsync: [receiver] open &quot;/home/site/wwwroot/temp-extract\publish\publish\SentimentAnalysis.runtimeconfig.json&quot; failed: Invalid argument (22)
rsync: [receiver] open &quot;/home/site/wwwroot/temp-extract\publish\publish\publish\appsettings.Production.json&quot; failed: Invalid argument (22)
rsync: [receiver] open &quot;/home/site/wwwroot/publish\appsettings.json&quot; failed: Invalid argument (22)
rsync: [receiver] open &quot;/home/site/wwwroot/publish\publish\appsettings.example.json&quot; failed: Invalid argument (22)
rsync: [receiver] open &quot;/home/site/wwwroot/publish\publish\publish\appsettings.example.json&quot; failed: Invalid argument (22)
rsync: [receiver] open &quot;/home/site/wwwroot/publish\publish\publish\temp-extract\publish\publish\SentimentAnalysis.deps.json&quot; failed: Invalid argument (22)
rsync: [receiver] open &quot;/home/site/wwwroot/publish\publish\publish\temp-extract\publish\publish\appsettings.json&quot; failed: Invalid argument (22)
rsync: [receiver] open &quot;/home/site/wwwroot/publish\publish\publish\temp-extract\publish\publish\publish\appsettings.Production.json&quot; failed: Invalid argument (22)
rsync: [receiver] open &quot;/home/site/wwwroot/publish\publish\publish\web.config&quot; failed: Invalid argument (22)
rsync: [receiver] open &quot;/home/site/wwwroot/publish\publish\temp-extract\publish\SentimentAnalysis.runtimeconfig.json&quot; failed: Invalid argument (22)
rsync: [receiver] open &quot;/home/site/wwwroot/publish\publish\temp-extract\publish\appsettings.Production.json&quot; failed: Invalid argument (22)
rsync: [receiver] open &quot;/home/site/wwwroot/publish\publish\temp-extract\publish\appsettings.example.json&quot; failed: Invalid argument (22)
rsync: [receiver] open &quot;/home/site/wwwroot/publish\publish\temp-extract\publish\publish\publish\web.config&quot; failed: Invalid argument (22)
rsync: [receiver] open &quot;/home/site/wwwroot/publish\temp-extract\appsettings.Production.json&quot; failed: Invalid argument (22)
rsync: [receiver] open &quot;/home/site/wwwroot/publish\temp-extract\appsettings.example.json&quot; failed: Invalid argument (22)
rsync: [receiver] open &quot;/home/site/wwwroot/publish\temp-extract\publish\appsettings.json&quot; failed: Invalid argument (22)
rsync: [receiver] open &quot;/home/site/wwwroot/publish\temp-extract\publish\publish\publish\web.config&quot; failed: Invalid argument (22)
rsync: [receiver] open &quot;/home/site/wwwroot/temp-extract\appsettings.json&quot; failed: Invalid argument (22)
rsync: [receiver] open &quot;/home/site/wwwroot/temp-extract\publish\appsettings.Production.json&quot; failed: Invalid argument (22)
rsync: [receiver] open &quot;/home/site/wwwroot/temp-extract\publish\publish\publish\SentimentAnalysis.runtimeconfig.json&quot; failed: Invalid argument (22)
rsync: [receiver] open &quot;/home/site/wwwroot/temp-extract\publish\publish\publish\web.config&quot; failed: Invalid argument (22)
rsync: [receiver] open &quot;/home/site/wwwroot/publish\appsettings.Development.json&quot; failed: Invalid argument (22)
rsync: [receiver] open &quot;/home/site/wwwroot/publish\publish\publish\temp-extract\appsettings.json&quot; failed: Invalid argument (22)
rsync: [receiver] open &quot;/home/site/wwwroot/publish\publish\publish\temp-extract\publish\appsettings.Production.json&quot; failed: Invalid argument (22)
rsync: [receiver] open &quot;/home/site/wwwroot/publish\publish\publish\temp-extract\publish\publish\appsettings.Production.json&quot; failed: Invalid argument (22)
rsync: [receiver] open &quot;/home/site/wwwroot/publish\publish\publish\temp-extract\publish\publish\appsettings.example.json&quot; failed: Invalid argument (22)
rsync: [receiver] open &quot;/home/site/wwwroot/publish\publish\temp-extract\publish\publish\publish\appsettings.example.json&quot; failed: Invalid argument (22)
rsync: [receiver] open &quot;/home/site/wwwroot/publish\publish\temp-extract\publish\publish\web.config&quot; failed: Invalid argument (22)
rsync: [receiver] open &quot;/home/site/wwwroot/publish\temp-extract\publish\publish\SentimentAnalysis.runtimeconfig.json&quot; failed: Invalid argument (22)
rsync: [receiver] open &quot;/home/site/wwwroot/publish\temp-extract\publish\web.config&quot; failed: Invalid argument (22)
rsync: [receiver] open &quot;/home/site/wwwroot/runtimes\unix\lib\net6.0\System.Drawing.Common.dll&quot; failed: Invalid argument (22)
rsync: [receiver] open &quot;/home/site/wwwroot/publish\SentimentAnalysis.deps.json&quot; failed: Invalid argument (22)
rsync: [receiver] open &quot;/home/site/wwwroot/publish\publish\SentimentAnalysis.deps.json&quot; failed: Invalid argument (22)
rsync: [receiver] open &quot;/home/site/wwwroot/publish\publish\publish\temp-extract\SentimentAnalysis.runtimeconfig.json&quot; failed: Invalid argument (22)
rsync: [receiver] open &quot;/home/site/wwwroot/publish\publish\publish\temp-extract\publish\publish\publish\SentimentAnalysis.deps.json&quot; failed: Invalid argument (22)
rsync: [receiver] open &quot;/home/site/wwwroot/publish\publish\publish\temp-extract\publish\publish\publish\appsettings.example.json&quot; failed: Invalid argument (22)
rsync: [receiver] open &quot;/home/site/wwwroot/publish\publish\temp-extract\SentimentAnalysis.deps.json&quot; failed: Invalid argument (22)
rsync: [receiver] open &quot;/home/site/wwwroot/publish\publish\temp-extract\publish\publish\appsettings.Production.json&quot; failed: Invalid argument (22)
rsync: [receiver] open &quot;/home/site/wwwroot/publish\publish\web.config&quot; failed: Invalid argument (22)
rsync: [receiver] open &quot;/home/site/wwwroot/publish\temp-extract\SentimentAnalysis.runtimeconfig.json&quot; failed: Invalid argument (22)
rsync: [receiver] open &quot;/home/site/wwwroot/publish\temp-extract\appsettings.json&quot; failed: Invalid argument (22)
rsync: [receiver] open &quot;/home/site/wwwroot/publish\temp-extract\publish\appsettings.Production.json&quot; failed: Invalid argument (22)
rsync: [receiver] open &quot;/home/site/wwwroot/publish\temp-extract\publish\publish\publish\SentimentAnalysis.deps.json&quot; failed: Invalid argument (22)
rsync: [receiver] open &quot;/home/site/wwwroot/publish\web.config&quot; failed: Invalid argument (22)
rsync: [receiver] open &quot;/home/site/wwwroot/temp-extract\appsettings.Production.json&quot; failed: Invalid argument (22)
rsync: [receiver] open &quot;/home/site/wwwroot/temp-extract\appsettings.example.json&quot; failed: Invalid argument (22)
rsync: [receiver] open &quot;/home/site/wwwroot/temp-extract\publish\publish\appsettings.json&quot; failed: Invalid argument (22)
rsync: [receiver] open &quot;/home/site/wwwroot/temp-extract\publish\publish\publish\appsettings.json&quot; failed: Invalid argument (22)
rsync: [receiver] open &quot;/home/site/wwwroot/publish\appsettings.example.json&quot; failed: Invalid argument (22)
rsync: [receiver] open &quot;/home/site/wwwroot/publish\publish\appsettings.Production.json&quot; failed: Invalid argument (22)
rsync: [receiver] open &quot;/home/site/wwwroot/publish\publish\appsettings.json&quot; failed: Invalid argument (22)
rsync: [receiver] open &quot;/home/site/wwwroot/publish\publish\publish\appsettings.Production.json&quot; failed: Invalid argument (22)
rsync: [receiver] open &quot;/home/site/wwwroot/publish\publish\publish\temp-extract\appsettings.Production.json&quot; failed: Invalid argument (22)
rsync: [receiver] open &quot;/home/site/wwwroot/publish\publish\publish\temp-extract\publish\appsettings.json&quot; failed: Invalid argument (22)
rsync: [receiver] open &quot;/home/site/wwwroot/publish\publish\publish\temp-extract\web.config&quot; failed: Invalid argument (22)
rsync: [receiver] open &quot;/home/site/wwwroot/publish\publish\temp-extract\web.config&quot; failed: Invalid argument (22)
rsync: [receiver] open &quot;/home/site/wwwroot/publish\temp-extract\publish\appsettings.example.json&quot; failed: Invalid argument (22)
rsync: [receiver] open &quot;/home/site/wwwroot/publish\temp-extract\publish\publish\appsettings.Production.json&quot; failed: Invalid argument (22)
rsync: [receiver] open &quot;/home/site/wwwroot/publish\temp-extract\publish\publish\web.config&quot; failed: Invalid argument (22)
rsync: [receiver] open &quot;/home/site/wwwroot/publish\temp-extract\web.config&quot; failed: Invalid argument (22)
rsync: [receiver] open &quot;/home/site/wwwroot/runtimes\win-x64\native\vcruntime140.dll&quot; failed: Invalid argument (22)
rsync: [receiver] open &quot;/home/site/wwwroot/runtimes\win\lib\net6.0\System.Drawing.Common.dll&quot; failed: Invalid argument (22)
rsync: [receiver] open &quot;/home/site/wwwroot/runtimes\win-x64\native\Cosmos.CRTCompat.dll&quot; failed: Invalid argument (22)
rsync: [receiver] open &quot;/home/site/wwwroot/runtimes\win-x64\native\vcruntime140_1.dll&quot; failed: Invalid argument (22)
rsync: [receiver] open &quot;/home/site/wwwroot/publish\SentimentAnalysis.runtimeconfig.json&quot; failed: Invalid argument (22)
rsync: [receiver] open &quot;/home/site/wwwroot/publish\publish\publish\SentimentAnalysis.runtimeconfig.json&quot; failed: Invalid argument (22)
rsync: [receiver] open &quot;/home/site/wwwroot/publish\publish\publish\appsettings.json&quot; failed: Invalid argument (22)
rsync: [receiver] open &quot;/home/site/wwwroot/publish\publish\publish\temp-extract\publish\SentimentAnalysis.deps.json&quot; failed: Invalid argument (22)
rsync: [receiver] open &quot;/home/site/wwwroot/publish\publish\publish\temp-extract\publish\publish\publish\appsettings.json&quot; failed: Invalid argument (22)
rsync: [receiver] open &quot;/home/site/wwwroot/publish\publish\publish\temp-extract\publish\publish\publish\web.config&quot; failed: Invalid argument (22)
rsync: [receiver] open &quot;/home/site/wwwroot/publish\publish\publish\temp-extract\publish\web.config&quot; failed: Invalid argument (22)
rsync: [receiver] open &quot;/home/site/wwwroot/publish\publish\temp-extract\SentimentAnalysis.runtimeconfig.json&quot; failed: Invalid argument (22)
rsync: [receiver] open &quot;/home/site/wwwroot/publish\publish\temp-extract\appsettings.json&quot; failed: Invalid argument (22)
rsync: [receiver] open &quot;/home/site/wwwroot/publish\publish\temp-extract\publish\appsettings.json&quot; failed: Invalid argument (22)
rsync: [receiver] open &quot;/home/site/wwwroot/publish\publish\temp-extract\publish\publish\publish\appsettings.json&quot; failed: Invalid argument (22)
rsync: [receiver] open &quot;/home/site/wwwroot/publish\temp-extract\publish\publish\SentimentAnalysis.deps.json&quot; failed: Invalid argument (22)
rsync: [receiver] open &quot;/home/site/wwwroot/temp-extract\SentimentAnalysis.deps.json&quot; failed: Invalid argument (22)
rsync: [receiver] open &quot;/home/site/wwwroot/temp-extract\publish\SentimentAnalysis.deps.json&quot; failed: Invalid argument (22)
rsync: [receiver] open &quot;/home/site/wwwroot/temp-extract\web.config&quot; failed: Invalid argument (22)
rsync: [receiver] open &quot;/home/site/wwwroot/temp-extract\publish\SentimentAnalysis.runtimeconfig.json&quot; failed: Invalid argument (22)
rsync: [receiver] open &quot;/home/site/wwwroot/temp-extract\publish\appsettings.json&quot; failed: Invalid argument (22)
rsync: [receiver] open &quot;/home/site/wwwroot/temp-extract\publish\publish\SentimentAnalysis.deps.json&quot; failed: Invalid argument (22)
rsync: [receiver] open &quot;/home/site/wwwroot/temp-extract\publish\publish\publish\SentimentAnalysis.deps.json&quot; failed: Invalid argument (22)
rsync: [receiver] open &quot;/home/site/wwwroot/temp-extract\publish\web.config&quot; failed: Invalid argument (22)
rsync: [receiver] open &quot;/home/site/wwwroot/runtimes\win\lib\net6.0\System.Windows.Extensions.dll&quot; failed: Invalid argument (22)
rsync: [receiver] open &quot;/home/site/wwwroot/temp-extract\SentimentAnalysis.runtimeconfig.json&quot; failed: Invalid argument (22)
rsync: [receiver] open &quot;/home/site/wwwroot/temp-extract\publish\publish\publish\appsettings.example.json&quot; failed: Invalid argument (22)
rsync: [receiver] open &quot;/home/site/wwwroot/publish\publish\publish\temp-extract\SentimentAnalysis.deps.json&quot; failed: Invalid argument (22)
rsync: [receiver] open &quot;/home/site/wwwroot/publish\publish\publish\temp-extract\publish\appsettings.example.json&quot; failed: Invalid argument (22)
rsync: [receiver] open &quot;/home/site/wwwroot/publish\publish\publish\temp-extract\publish\publish\SentimentAnalysis.runtimeconfig.json&quot; failed: Invalid argument (22)
rsync: [receiver] open &quot;/home/site/wwwroot/publish\publish\publish\temp-extract\publish\publish\web.config&quot; failed: Invalid argument (22)
rsync: [receiver] open &quot;/home/site/wwwroot/publish\publish\temp-extract\publish\publish\SentimentAnalysis.deps.json&quot; failed: Invalid argument (22)
rsync: [receiver] open &quot;/home/site/wwwroot/publish\publish\temp-extract\publish\publish\appsettings.json&quot; failed: Invalid argument (22)
rsync: [receiver] open &quot;/home/site/wwwroot/publish\publish\temp-extract\publish\publish\publish\SentimentAnalysis.runtimeconfig.json&quot; failed: Invalid argument (22)
rsync: [receiver] open &quot;/home/site/wwwroot/publish\temp-extract\SentimentAnalysis.deps.json&quot; failed: Invalid argument (22)
rsync: [receiver] open &quot;/home/site/wwwroot/publish\temp-extract\publish\SentimentAnalysis.deps.json&quot; failed: Invalid argument (22)
rsync: [receiver] open &quot;/home/site/wwwroot/publish\temp-extract\publish\publish\appsettings.json&quot; failed: Invalid argument (22)
rsync: [receiver] open &quot;/home/site/wwwroot/publish\temp-extract\publish\publish\publish\appsettings.example.json&quot; failed: Invalid argument (22)
rsync: [receiver] open &quot;/home/site/wwwroot/runtimes\win-x64\native\msvcp140.dll&quot; failed: Invalid argument (22)
rsync: [receiver] open &quot;/home/site/wwwroot/publish\appsettings.Production.json&quot; failed: Invalid argument (22)
rsync: [receiver] open &quot;/home/site/wwwroot/publish\publish\SentimentAnalysis.runtimeconfig.json&quot; failed: Invalid argument (22)
rsync: [receiver] open &quot;/home/site/wwwroot/publish\publish\appsettings.Development.json&quot; failed: Invalid argument (22)
rsync: [receiver] open &quot;/home/site/wwwroot/publish\publish\publish\temp-extract\publish\SentimentAnalysis.runtimeconfig.json&quot; failed: Invalid argument (22)
rsync: [receiver] open &quot;/home/site/wwwroot/publish\publish\publish\temp-extract\publish\publish\publish\SentimentAnalysis.runtimeconfig.json&quot; failed: Invalid argument (22)
rsync: [receiver] open &quot;/home/site/wwwroot/publish\publish\temp-extract\appsettings.Production.json&quot; failed: Invalid argument (22)
rsync: [receiver] open &quot;/home/site/wwwroot/publish\publish\temp-extract\appsettings.example.json&quot; failed: Invalid argument (22)
rsync: [receiver] open &quot;/home/site/wwwroot/publish\publish\temp-extract\publish\publish\SentimentAnalysis.runtimeconfig.json&quot; failed: Invalid argument (22)
rsync: [receiver] open &quot;/home/site/wwwroot/publish\publish\temp-extract\publish\publish\publish\SentimentAnalysis.deps.json&quot; failed: Invalid argument (22)
rsync: [receiver] open &quot;/home/site/wwwroot/publish\publish\temp-extract\publish\web.config&quot; failed: Invalid argument (22)
rsync: [receiver] open &quot;/home/site/wwwroot/publish\temp-extract\publish\SentimentAnalysis.runtimeconfig.json&quot; failed: Invalid argument (22)
rsync: [receiver] open &quot;/home/site/wwwroot/publish\temp-extract\publish\publish\publish\appsettings.Production.json&quot; failed: Invalid argument (22)
rsync: [receiver] open &quot;/home/site/wwwroot/publish\temp-extract\publish\publish\publish\appsettings.json&quot; failed: Invalid argument (22)
rsync: [receiver] open &quot;/home/site/wwwroot/runtimes\win-x64\native\Microsoft.Azure.Cosmos.ServiceInterop.dll&quot; failed: Invalid argument (22)
rsync: [receiver] open &quot;/home/site/wwwroot/runtimes\win\lib\net6.0\Microsoft.Win32.SystemEvents.dll&quot; failed: Invalid argument (22)
rsync: [receiver] open &quot;/home/site/wwwroot/runtimes\win\lib\net6.0\System.Security.Cryptography.ProtectedData.dll&quot; failed: Invalid argument (22)
rsync: [receiver] open &quot;/home/site/wwwroot/temp-extract\publish\appsettings.example.json&quot; failed: Invalid argument (22)
rsync: [receiver] open &quot;/home/site/wwwroot/temp-extract\publish\publish\appsettings.Production.json&quot; failed: Invalid argument (22)
rsync error: some files/attrs were not transferred (see previous errors) (code 23) at main.c(1338) [sender=3.2.7]
rsync error: some files/attrs were not transferred (see previous errors) (code 23) at main.c(1338) [sender=3.2.7]
rsync error: some files/attrs were not transferred (see previous errors) (code 23) at main.c(1338) [sender=3.2.7]
rsync error: some files/attrs were not transferred (see previous errors) (code 23) at main.c(1338) [sender=3.2.7]
rsync error: some files/attrs were not transferred (see previous errors) (code 23) at main.c(1338) [sender=3.2.7]
rsync error: some files/attrs were not transferred (see previous errors) (code 23) at main.c(1338) [sender=3.2.7]
rsync error: some files/attrs were not transferred (see previous errors) (code 23) at main.c(1338) [sender=3.2.7]
rsync: [receiver] open &quot;/home/site/wwwroot/temp-extract\publish\publish\appsettings.example.json&quot; failed: Invalid argument (22)
rsync: [receiver] open &quot;/home/site/wwwroot/temp-extract\publish\publish\web.config&quot; failed: Invalid argument (22)
rsync error: some files/attrs were not transferred (see previous errors) (code 23) at main.c(1338) [sender=3.2.7]
/opt/Kudu/Scripts/starter.sh /opt/Kudu/Scripts/parallel_rsync.sh /tmp/zipdeploy/extracted /home/site/wwwroot 8 /tmp/ False False  " stackTrace="   at Kudu.Core.Infrastructure.Executable.ExecuteInternal(ITracer tracer, Func`2 onWriteOutput, Func`2 onWriteError, CancellationToken token, Encoding encoding, String arguments, Object[] args) in /tmp/KuduLite/Kudu.Core/Infrastructure/Executable.cs:line 239
   at Kudu.Core.Infrastructure.Executable.ExecuteWithProgressWriter(ILogger logger, ITracer tracer, CancellationToken token, String arguments, Object[] args) in /tmp/KuduLite/Kudu.Core/Infrastructure/Executable.cs:line 118
   at Kudu.Core.Deployment.Generator.ExternalCommandBuilder.RunCommand(DeploymentContext context, String command, Boolean ignoreManifest, CancellationToken token, String message) in /tmp/KuduLite/Kudu.Core/Deployment/Generator/ExternalCommandBuilder.cs:line 122" /><!-- duration: 5ms -->
                <step title="Error occurred" date="2025-10-21T21:07:25.188" type="error" text="Invalid argument : &apos;/home/site/wwwroot/publish\publish\publish\temp-extract\publish\web.config&apos;" stackTrace="   at Interop.ThrowExceptionForIoErrno(ErrorInfo errorInfo, String path, Boolean isDirError)
   at Microsoft.Win32.SafeHandles.SafeFileHandle.Open(String fullPath, FileMode mode, FileAccess access, FileShare share, FileOptions options, Int64 preallocationSize, UnixFileMode openPermissions, Int64&amp; fileLength, UnixFileMode&amp; filePermissions, Boolean failForSymlink, Boolean&amp; wasSymlink, Func`4 createOpenException)
   at System.IO.FileSystem.CopyFile(String sourceFullPath, String destFullPath, Boolean overwrite)
   at Kudu.Core.Infrastructure.FileSystemHelpers.CopyDirectoryRecursive(String sourceDirPath, String destinationDirPath, Boolean overwrite) in /tmp/KuduLite/Kudu.Core/Infrastructure/FileSystemHelpers.cs:line 239
   at Kudu.Core.Deployment.Generator.OneDeployBuilder.Build(DeploymentContext context, CancellationToken token) in /tmp/KuduLite/Kudu.Core/Deployment/Generator/OneDeployBuilder.cs:line 108
   at Kudu.Core.Deployment.DeploymentManager.Build(ChangeSet changeSet, ITracer tracer, IDisposable deployStep, IRepository repository, DeploymentInfoBase deploymentInfo, DeploymentAnalytics deploymentAnalytics, Boolean fullBuildByDefault, CancellationToken cancellationToken) in /tmp/KuduLite/Kudu.Core/Deployment/DeploymentManager.cs:line 771" /><!-- duration: 4ms -->
                <step title="Purge deployment items" date="2025-10-21T21:07:25.828" >
                  <step title="Remove 6ffc1b9c-, Failed, received at 10/21/2025 20:33:11" date="2025-10-21T21:07:25.893" /><!-- duration: 5ms -->
                </step><!-- duration: 78ms -->
              </step><!-- duration: 20254ms -->
            </step><!-- duration: 20381ms -->
            <step title="Error occurred" date="2025-10-21T21:07:25.934" type="error" text="Invalid argument : &apos;/home/site/wwwroot/publish\publish\publish\temp-extract\publish\web.config&apos;" stackTrace="   at Interop.ThrowExceptionForIoErrno(ErrorInfo errorInfo, String path, Boolean isDirError)
   at Microsoft.Win32.SafeHandles.SafeFileHandle.Open(String fullPath, FileMode mode, FileAccess access, FileShare share, FileOptions options, Int64 preallocationSize, UnixFileMode openPermissions, Int64&amp; fileLength, UnixFileMode&amp; filePermissions, Boolean failForSymlink, Boolean&amp; wasSymlink, Func`4 createOpenException)
   at System.IO.FileSystem.CopyFile(String sourceFullPath, String destFullPath, Boolean overwrite)
   at Kudu.Core.Infrastructure.FileSystemHelpers.CopyDirectoryRecursive(String sourceDirPath, String destinationDirPath, Boolean overwrite) in /tmp/KuduLite/Kudu.Core/Infrastructure/FileSystemHelpers.cs:line 239
   at Kudu.Core.Deployment.Generator.OneDeployBuilder.Build(DeploymentContext context, CancellationToken token) in /tmp/KuduLite/Kudu.Core/Deployment/Generator/OneDeployBuilder.cs:line 108
   at Kudu.Core.Deployment.DeploymentManager.Build(ChangeSet changeSet, ITracer tracer, IDisposable deployStep, IRepository repository, DeploymentInfoBase deploymentInfo, DeploymentAnalytics deploymentAnalytics, Boolean fullBuildByDefault, CancellationToken cancellationToken) in /tmp/KuduLite/Kudu.Core/Deployment/DeploymentManager.cs:line 771
   at Kudu.Core.Deployment.DeploymentManager.Build(ChangeSet changeSet, ITracer tracer, IDisposable deployStep, IRepository repository, DeploymentInfoBase deploymentInfo, DeploymentAnalytics deploymentAnalytics, Boolean fullBuildByDefault, CancellationToken cancellationToken) in /tmp/KuduLite/Kudu.Core/Deployment/DeploymentManager.cs:line 840" /><!-- duration: 4ms -->
            <step title="Cleaning up temp files" date="2025-10-21T21:07:25.999" /><!-- duration: 5ms -->
            <step title="Cleaning up temp files" date="2025-10-21T21:07:26.011" /><!-- duration: 508ms -->
            <step title="Error occurred" date="2025-10-21T21:07:26.537" type="error" text="Invalid argument : &apos;/home/site/wwwroot/publish\publish\publish\temp-extract\publish\web.config&apos;" stackTrace="   at Interop.ThrowExceptionForIoErrno(ErrorInfo errorInfo, String path, Boolean isDirError)
   at Microsoft.Win32.SafeHandles.SafeFileHandle.Open(String fullPath, FileMode mode, FileAccess access, FileShare share, FileOptions options, Int64 preallocationSize, UnixFileMode openPermissions, Int64&amp; fileLength, UnixFileMode&amp; filePermissions, Boolean failForSymlink, Boolean&amp; wasSymlink, Func`4 createOpenException)
   at System.IO.FileSystem.CopyFile(String sourceFullPath, String destFullPath, Boolean overwrite)
   at Kudu.Core.Infrastructure.FileSystemHelpers.CopyDirectoryRecursive(String sourceDirPath, String destinationDirPath, Boolean overwrite) in /tmp/KuduLite/Kudu.Core/Infrastructure/FileSystemHelpers.cs:line 239
   at Kudu.Core.Deployment.Generator.OneDeployBuilder.Build(DeploymentContext context, CancellationToken token) in /tmp/KuduLite/Kudu.Core/Deployment/Generator/OneDeployBuilder.cs:line 108
   at Kudu.Core.Deployment.DeploymentManager.Build(ChangeSet changeSet, ITracer tracer, IDisposable deployStep, IRepository repository, DeploymentInfoBase deploymentInfo, DeploymentAnalytics deploymentAnalytics, Boolean fullBuildByDefault, CancellationToken cancellationToken) in /tmp/KuduLite/Kudu.Core/Deployment/DeploymentManager.cs:line 771
   at Kudu.Core.Deployment.DeploymentManager.Build(ChangeSet changeSet, ITracer tracer, IDisposable deployStep, IRepository repository, DeploymentInfoBase deploymentInfo, DeploymentAnalytics deploymentAnalytics, Boolean fullBuildByDefault, CancellationToken cancellationToken) in /tmp/KuduLite/Kudu.Core/Deployment/DeploymentManager.cs:line 840
   at Kudu.Core.Deployment.DeploymentManager.DeployAsync(IRepository repository, ChangeSet changeSet, String deployer, Boolean clean, DeploymentInfoBase deploymentInfo, Boolean needFileUpdate, Boolean fullBuildByDefault) in /tmp/KuduLite/Kudu.Core/Deployment/DeploymentManager.cs:line 266" /><!-- duration: 3ms -->
          </step><!-- duration: 21120ms -->
          <step title="Reloading status file with latest updates" date="2025-10-21T21:07:26.588" >
            <step title="WebHooksManager.PublishEventAsync: PostDeployment" date="2025-10-21T21:07:26.592" /><!-- duration: 28ms -->
          </step><!-- duration: 35ms -->
          <step title="Error occurred" date="2025-10-21T21:07:26.626" type="error" text="Invalid argument : &apos;/home/site/wwwroot/publish\publish\publish\temp-extract\publish\web.config&apos;" stackTrace="   at Interop.ThrowExceptionForIoErrno(ErrorInfo errorInfo, String path, Boolean isDirError)
   at Microsoft.Win32.SafeHandles.SafeFileHandle.Open(String fullPath, FileMode mode, FileAccess access, FileShare share, FileOptions options, Int64 preallocationSize, UnixFileMode openPermissions, Int64&amp; fileLength, UnixFileMode&amp; filePermissions, Boolean failForSymlink, Boolean&amp; wasSymlink, Func`4 createOpenException)
   at System.IO.FileSystem.CopyFile(String sourceFullPath, String destFullPath, Boolean overwrite)
   at Kudu.Core.Infrastructure.FileSystemHelpers.CopyDirectoryRecursive(String sourceDirPath, String destinationDirPath, Boolean overwrite) in /tmp/KuduLite/Kudu.Core/Infrastructure/FileSystemHelpers.cs:line 239
   at Kudu.Core.Deployment.Generator.OneDeployBuilder.Build(DeploymentContext context, CancellationToken token) in /tmp/KuduLite/Kudu.Core/Deployment/Generator/OneDeployBuilder.cs:line 108
   at Kudu.Core.Deployment.DeploymentManager.Build(ChangeSet changeSet, ITracer tracer, IDisposable deployStep, IRepository repository, DeploymentInfoBase deploymentInfo, DeploymentAnalytics deploymentAnalytics, Boolean fullBuildByDefault, CancellationToken cancellationToken) in /tmp/KuduLite/Kudu.Core/Deployment/DeploymentManager.cs:line 771
   at Kudu.Core.Deployment.DeploymentManager.Build(ChangeSet changeSet, ITracer tracer, IDisposable deployStep, IRepository repository, DeploymentInfoBase deploymentInfo, DeploymentAnalytics deploymentAnalytics, Boolean fullBuildByDefault, CancellationToken cancellationToken) in /tmp/KuduLite/Kudu.Core/Deployment/DeploymentManager.cs:line 840
   at Kudu.Core.Deployment.DeploymentManager.DeployAsync(IRepository repository, ChangeSet changeSet, String deployer, Boolean clean, DeploymentInfoBase deploymentInfo, Boolean needFileUpdate, Boolean fullBuildByDefault) in /tmp/KuduLite/Kudu.Core/Deployment/DeploymentManager.cs:line 266" /><!-- duration: 2ms -->
          <step title="Marking deployment as failed and cleaning up the temp deployment" date="2025-10-21T21:07:26.666" /><!-- duration: 4ms -->
        </step><!-- duration: 22959ms -->
      </step><!-- duration: 22978ms -->
      <step title="Error occurred" date="2025-10-21T21:07:26.803" type="error" text="Deployment failed" stackTrace="   at Kudu.Core.Deployment.DeploymentManager.DeployAsync(IRepository repository, ChangeSet changeSet, String deployer, Boolean clean, DeploymentInfoBase deploymentInfo, Boolean needFileUpdate, Boolean fullBuildByDefault) in /tmp/KuduLite/Kudu.Core/Deployment/DeploymentManager.cs:line 307
   at Kudu.Core.Deployment.FetchDeploymentManager.PerformDeployment(DeploymentInfoBase deploymentInfo, IDisposable tempDeployment, ChangeSet tempChangeSet, DeployStatusApiResult updateStatusObj) in /tmp/KuduLite/Kudu.Core/Deployment/FetchDeploymentManager.cs:line 230
   at Kudu.Core.Deployment.FetchDeploymentManager.&lt;&gt;c__DisplayClass17_0.&lt;&lt;FetchDeploy&gt;b__0&gt;d.MoveNext() in /tmp/KuduLite/Kudu.Core/Deployment/FetchDeploymentManager.cs:line 131
--- End of stack trace from previous location ---
   at Kudu.Core.Deployment.FetchDeploymentManager.FetchDeploy(DeploymentInfoBase deployInfo, Boolean asyncRequested, Uri requestUri, String targetBranch) in /tmp/KuduLite/Kudu.Core/Deployment/FetchDeploymentManager.cs:line 124
   at Kudu.Services.Deployment.PushDeploymentController.PushDeployAsync(ArtifactDeploymentInfo deploymentInfo, Boolean isAsync, HttpContext context, JObject requestJson) in /tmp/KuduLite/Kudu.Services/Deployment/PushDeploymentController.cs:line 791
   at Kudu.Services.Deployment.PushDeploymentController.OneDeploy(String type, Boolean async, String path, Nullable`1 restart, Nullable`1 clean, Boolean ignoreStack, Boolean trackDeploymentProgress, Boolean trackStatus, Boolean reset) in /tmp/KuduLite/Kudu.Services/Deployment/PushDeploymentController.cs:line 624
   at Microsoft.AspNetCore.Mvc.Infrastructure.ActionMethodExecutor.TaskOfIActionResultExecutor.Execute(ActionContext actionContext, IActionResultTypeMapper mapper, ObjectMethodExecutor executor, Object controller, Object[] arguments)
   at Microsoft.AspNetCore.Mvc.Infrastructure.ControllerActionInvoker.&lt;InvokeActionMethodAsync&gt;g__Awaited|12_0(ControllerActionInvoker invoker, ValueTask`1 actionResultValueTask)
   at Microsoft.AspNetCore.Mvc.Infrastructure.ControllerActionInvoker.&lt;InvokeNextActionFilterAsync&gt;g__Awaited|10_0(ControllerActionInvoker invoker, Task lastTask, State next, Scope scope, Object state, Boolean isCompleted)
   at Microsoft.AspNetCore.Mvc.Infrastructure.ControllerActionInvoker.Rethrow(ActionExecutedContextSealed context)
   at Microsoft.AspNetCore.Mvc.Infrastructure.ControllerActionInvoker.Next(State&amp; next, Scope&amp; scope, Object&amp; state, Boolean&amp; isCompleted)
   at Microsoft.AspNetCore.Mvc.Infrastructure.ControllerActionInvoker.&lt;InvokeInnerFilterAsync&gt;g__Awaited|13_0(ControllerActionInvoker invoker, Task lastTask, State next, Scope scope, Object state, Boolean isCompleted)
   at Microsoft.AspNetCore.Mvc.Infrastructure.ResourceInvoker.&lt;InvokeNextResourceFilter&gt;g__Awaited|25_0(ResourceInvoker invoker, Task lastTask, State next, Scope scope, Object state, Boolean isCompleted)
   at Microsoft.AspNetCore.Mvc.Infrastructure.ResourceInvoker.Rethrow(ResourceExecutedContextSealed context)
   at Microsoft.AspNetCore.Mvc.Infrastructure.ResourceInvoker.Next(State&amp; next, Scope&amp; scope, Object&amp; state, Boolean&amp; isCompleted)
   at Microsoft.AspNetCore.Mvc.Infrastructure.ResourceInvoker.&lt;InvokeFilterPipelineAsync&gt;g__Awaited|20_0(ResourceInvoker invoker, Task lastTask, State next, Scope scope, Object state, Boolean isCompleted)
   at Microsoft.AspNetCore.Mvc.Infrastructure.ResourceInvoker.&lt;InvokeAsync&gt;g__Awaited|17_0(ResourceInvoker invoker, Task task, IDisposable scope)
   at Microsoft.AspNetCore.Mvc.Infrastructure.ResourceInvoker.&lt;InvokeAsync&gt;g__Awaited|17_0(ResourceInvoker invoker, Task task, IDisposable scope)
   at Microsoft.AspNetCore.Builder.RouterMiddleware.Invoke(HttpContext httpContext)
   at Kudu.Services.Web.Tracing.TraceMiddleware.Invoke(HttpContext context) in /tmp/KuduLite/Kudu.Services.Web/Tracing/TraceMiddleware.cs:line 101" innerText="Invalid argument : &apos;/home/site/wwwroot/publish\publish\publish\temp-extract\publish\web.config&apos;" innerStackTrace="   at Interop.ThrowExceptionForIoErrno(ErrorInfo errorInfo, String path, Boolean isDirError)
   at Microsoft.Win32.SafeHandles.SafeFileHandle.Open(String fullPath, FileMode mode, FileAccess access, FileShare share, FileOptions options, Int64 preallocationSize, UnixFileMode openPermissions, Int64&amp; fileLength, UnixFileMode&amp; filePermissions, Boolean failForSymlink, Boolean&amp; wasSymlink, Func`4 createOpenException)
   at System.IO.FileSystem.CopyFile(String sourceFullPath, String destFullPath, Boolean overwrite)
   at Kudu.Core.Infrastructure.FileSystemHelpers.CopyDirectoryRecursive(String sourceDirPath, String destinationDirPath, Boolean overwrite) in /tmp/KuduLite/Kudu.Core/Infrastructure/FileSystemHelpers.cs:line 239
   at Kudu.Core.Deployment.Generator.OneDeployBuilder.Build(DeploymentContext context, CancellationToken token) in /tmp/KuduLite/Kudu.Core/Deployment/Generator/OneDeployBuilder.cs:line 108
   at Kudu.Core.Deployment.DeploymentManager.Build(ChangeSet changeSet, ITracer tracer, IDisposable deployStep, IRepository repository, DeploymentInfoBase deploymentInfo, DeploymentAnalytics deploymentAnalytics, Boolean fullBuildByDefault, CancellationToken cancellationToken) in /tmp/KuduLite/Kudu.Core/Deployment/DeploymentManager.cs:line 771
   at Kudu.Core.Deployment.DeploymentManager.Build(ChangeSet changeSet, ITracer tracer, IDisposable deployStep, IRepository repository, DeploymentInfoBase deploymentInfo, DeploymentAnalytics deploymentAnalytics, Boolean fullBuildByDefault, CancellationToken cancellationToken) in /tmp/KuduLite/Kudu.Core/Deployment/DeploymentManager.cs:line 840
   at Kudu.Core.Deployment.DeploymentManager.DeployAsync(IRepository repository, ChangeSet changeSet, String deployer, Boolean clean, DeploymentInfoBase deploymentInfo, Boolean needFileUpdate, Boolean fullBuildByDefault) in /tmp/KuduLite/Kudu.Core/Deployment/DeploymentManager.cs:line 266" /><!-- duration: 3ms -->
      <step title="Incoming Request" date="2025-10-21T21:07:26.881" url="/Error?type=zip" method="POST" type="request" pid="822,1,63" Accept="*/*" Host="sentiment-analysis-ryan-20241215-ezgkezdjfsdpf8by.scm.eastus-01.azurewebsites.net" User-Agent="AZURECLI/2.77.0 (MSI)" Accept-Encoding="gzip, deflate" Authorization="Bea..." Cache-Control="no-cache" Content-Type="application/octet-stream" Cookie="ARRAffinity=cbe9e9718f0d822410f26ed3f330ac773a82055728017e0ba3ca3b7f294aae71; ARRAffinitySameSite=cbe9e9718f0d822410f26ed3f330ac773a82055728017e0ba3ca3b7f294aae71" Content-Length="9410909" x-ms-client-request-id="d739e688-aec1-11f0-bbef-08920435fd22" x-ms-artifact-checksum="34a591282692984872c7d6130b5cf7236ad9266126083be266fdbd101fa7a783" X-ARR-LOG-ID="d739e688-aec1-11f0-bbef-08920435fd22" CLIENT-IP="170.85.56.92:32692" X-SITE-DEPLOYMENT-ID="sentiment-analysis-ryan-20241215" WAS-DEFAULT-HOSTNAME="sentiment-analysis-ryan-20241215-ezgkezdjfsdpf8by.scm.eastus-01.azurewebsites.net" X-Forwarded-Proto="https" X-AppService-Proto="https" X-Forwarded-TlsVersion="1.3" X-WAWS-Unencoded-URL="/api/publish?type=zip" X-Client-IP="170.85.56.92" X-Client-Port="32692" >
        <step title="Outgoing response" date="2025-10-21T21:07:26.966" type="response" statusCode="400" statusText="BadRequest" /><!-- duration: 4ms -->
      </step><!-- duration: 95ms -->
