<step title="BackgroundTrace" date="2025-10-21T20:33:07.466" instance="cbe9e9" url="/api/zipdeploy" method="POST" >
  <step title="Creating temporary deployment - FetchDeploymentManager" date="2025-10-21T20:33:07.532" /><!-- duration: 3ms -->
  <step title="Creating temporary deployment" date="2025-10-21T20:33:07.541" /><!-- duration: 49ms -->
  <step title="Performing fetch based deployment" date="2025-10-21T20:33:07.627" >
    <step title="Cleaning up temp folders from previous zip deployments and extracting pushed zip file /tmp/zipdeploy/f9d35758-8497-4aff-a431-ab2dfc0de7cb.zip (8.70 MB) to /tmp/zipdeploy/extracted" date="2025-10-21T20:33:08.768" >
      <step title="ChmodRecursive Process exited with total time taken in ms: 11" date="2025-10-21T20:33:08.940" /><!-- duration: 4ms -->
    </step><!-- duration: 180ms -->
    <step title="Deployment timer started" date="2025-10-21T20:33:10.961" >
      <step title="DeploymentManager.Deploy(id:6ffc1b9c-71a2-4dab-a49c-36b0da0636f8)" date="2025-10-21T20:33:10.968" >
        <step title="Collecting changeset information" date="2025-10-21T20:33:10.983" /><!-- duration: 79ms -->
        <step title="Updating submodules" date="2025-10-21T20:33:11.070" /><!-- duration: 1116ms -->
        <step title="Determining deployment builder" date="2025-10-21T20:33:12.371" >
          <step title="Builder is BasicBuilder" date="2025-10-21T20:33:12.382" /><!-- duration: 7ms -->
        </step><!-- duration: 21ms -->
        <step title="PreDeployment: context.CleanOutputPath False" date="2025-10-21T20:33:12.436" >
          <step title="PreDeployment: context.OutputPath /home/site/wwwroot" date="2025-10-21T20:33:12.558" >
            <step title="Building" date="2025-10-21T20:33:12.671" >
              <step title="Executing external process" date="2025-10-21T20:33:12.918" type="process" path="starter.sh" arguments="/opt/Kudu/Scripts/parallel_rsync.sh /tmp/zipdeploy/extracted /home/site/wwwroot 8 /tmp/ False True  " >
                <step title="Process dump" date="2025-10-21T20:33:16.158" exitCode="123" type="processOutput" /><!-- duration: 4ms -->
              </step><!-- duration: 3249ms -->
              <step title="Error occurred" date="2025-10-21T20:33:16.177" type="error" text="rsync: [receiver] open &quot;/home/site/wwwroot/runtimes\win-x64\native\msvcp140.dll&quot; failed: Invalid argument (22)
rsync: [receiver] open &quot;/home/site/wwwroot/runtimes\win-x64\native\Microsoft.Azure.Cosmos.ServiceInterop.dll&quot; failed: Invalid argument (22)
rsync: [receiver] open &quot;/home/site/wwwroot/runtimes\win-x64\native\Cosmos.CRTCompat.dll&quot; failed: Invalid argument (22)
rsync: [receiver] open &quot;/home/site/wwwroot/temp-extract\appsettings.example.json&quot; failed: Invalid argument (22)
rsync: [receiver] open &quot;/home/site/wwwroot/temp-extract\publish\SentimentAnalysis.runtimeconfig.json&quot; failed: Invalid argument (22)
rsync: [receiver] open &quot;/home/site/wwwroot/temp-extract\publish\publish\appsettings.json&quot; failed: Invalid argument (22)
rsync: [receiver] open &quot;/home/site/wwwroot/temp-extract\publish\publish\publish\appsettings.json&quot; failed: Invalid argument (22)
rsync: [receiver] open &quot;/home/site/wwwroot/runtimes\win\lib\net6.0\System.Security.Cryptography.ProtectedData.dll&quot; failed: Invalid argument (22)
rsync: [receiver] open &quot;/home/site/wwwroot/temp-extract\publish\appsettings.example.json&quot; failed: Invalid argument (22)
rsync: [receiver] open &quot;/home/site/wwwroot/temp-extract\publish\publish\appsettings.Production.json&quot; failed: Invalid argument (22)
rsync: [receiver] open &quot;/home/site/wwwroot/temp-extract\SentimentAnalysis.deps.json&quot; failed: Invalid argument (22)
rsync: [receiver] open &quot;/home/site/wwwroot/temp-extract\publish\SentimentAnalysis.deps.json&quot; failed: Invalid argument (22)
rsync: [receiver] open &quot;/home/site/wwwroot/temp-extract\web.config&quot; failed: Invalid argument (22)
rsync: [receiver] open &quot;/home/site/wwwroot/runtimes\unix\lib\net6.0\System.Drawing.Common.dll&quot; failed: Invalid argument (22)
rsync: [receiver] open &quot;/home/site/wwwroot/runtimes\win-x64\native\vcruntime140_1.dll&quot; failed: Invalid argument (22)
rsync: [receiver] open &quot;/home/site/wwwroot/temp-extract\publish\publish\publish\appsettings.Production.json&quot; failed: Invalid argument (22)
rsync: [receiver] open &quot;/home/site/wwwroot/temp-extract\SentimentAnalysis.runtimeconfig.json&quot; failed: Invalid argument (22)
rsync: [receiver] open &quot;/home/site/wwwroot/temp-extract\appsettings.json&quot; failed: Invalid argument (22)
rsync: [receiver] open &quot;/home/site/wwwroot/temp-extract\publish\appsettings.Production.json&quot; failed: Invalid argument (22)
rsync: [receiver] open &quot;/home/site/wwwroot/temp-extract\publish\publish\publish\SentimentAnalysis.runtimeconfig.json&quot; failed: Invalid argument (22)
rsync: [receiver] open &quot;/home/site/wwwroot/temp-extract\publish\publish\publish\web.config&quot; failed: Invalid argument (22)
rsync: [receiver] open &quot;/home/site/wwwroot/temp-extract\publish\appsettings.json&quot; failed: Invalid argument (22)
rsync: [receiver] open &quot;/home/site/wwwroot/temp-extract\publish\publish\SentimentAnalysis.deps.json&quot; failed: Invalid argument (22)
rsync: [receiver] open &quot;/home/site/wwwroot/temp-extract\publish\publish\publish\SentimentAnalysis.deps.json&quot; failed: Invalid argument (22)
rsync: [receiver] open &quot;/home/site/wwwroot/temp-extract\publish\web.config&quot; failed: Invalid argument (22)
rsync: [receiver] open &quot;/home/site/wwwroot/runtimes\win-x64\native\vcruntime140.dll&quot; failed: Invalid argument (22)
rsync: [receiver] open &quot;/home/site/wwwroot/runtimes\win\lib\net6.0\System.Drawing.Common.dll&quot; failed: Invalid argument (22)
rsync: [receiver] open &quot;/home/site/wwwroot/runtimes\win\lib\net6.0\System.Windows.Extensions.dll&quot; failed: Invalid argument (22)
rsync: [receiver] open &quot;/home/site/wwwroot/temp-extract\publish\publish\SentimentAnalysis.runtimeconfig.json&quot; failed: Invalid argument (22)
rsync: [receiver] open &quot;/home/site/wwwroot/temp-extract\publish\publish\publish\appsettings.example.json&quot; failed: Invalid argument (22)
rsync error: some files/attrs were not transferred (see previous errors) (code 23) at main.c(1338) [sender=3.2.7]
rsync error: some files/attrs were not transferred (see previous errors) (code 23) at main.c(1338) [sender=3.2.7]
rsync error: some files/attrs were not transferred (see previous errors) (code 23) at main.c(1338) [sender=3.2.7]
rsync: [receiver] open &quot;/home/site/wwwroot/runtimes\win-x64\native\msvcp140.dll&quot; failed: Invalid argument (22)
rsync: [receiver] open &quot;/home/site/wwwroot/runtimes\win-x64\native\Cosmos.CRTCompat.dll&quot; failed: Invalid argument (22)
rsync: [receiver] open &quot;/home/site/wwwroot/temp-extract\appsettings.example.json&quot; failed: Invalid argument (22)
rsync: [receiver] open &quot;/home/site/wwwroot/temp-extract\publish\SentimentAnalysis.runtimeconfig.json&quot; failed: Invalid argument (22)
rsync: [receiver] open &quot;/home/site/wwwroot/temp-extract\publish\publish\appsettings.json&quot; failed: Invalid argument (22)
rsync: [receiver] open &quot;/home/site/wwwroot/temp-extract\publish\publish\publish\appsettings.json&quot; failed: Invalid argument (22)
rsync: [receiver] open &quot;/home/site/wwwroot/runtimes\win\lib\net6.0\System.Security.Cryptography.ProtectedData.dll&quot; failed: Invalid argument (22)
rsync: [receiver] open &quot;/home/site/wwwroot/runtimes\win\lib\net6.0\Microsoft.Win32.SystemEvents.dll&quot; failed: Invalid argument (22)
rsync: [receiver] open &quot;/home/site/wwwroot/temp-extract\publish\appsettings.example.json&quot; failed: Invalid argument (22)
rsync: [receiver] open &quot;/home/site/wwwroot/temp-extract\publish\publish\appsettings.Production.json&quot; failed: Invalid argument (22)
rsync: [receiver] open &quot;/home/site/wwwroot/temp-extract\appsettings.Production.json&quot; failed: Invalid argument (22)
rsync: [receiver] open &quot;/home/site/wwwroot/temp-extract\publish\publish\appsettings.example.json&quot; failed: Invalid argument (22)
rsync: [receiver] open &quot;/home/site/wwwroot/temp-extract\publish\publish\web.config&quot; failed: Invalid argument (22)
rsync: [receiver] open &quot;/home/site/wwwroot/temp-extract\SentimentAnalysis.deps.json&quot; failed: Invalid argument (22)
rsync: [receiver] open &quot;/home/site/wwwroot/temp-extract\publish\SentimentAnalysis.deps.json&quot; failed: Invalid argument (22)
rsync: [receiver] open &quot;/home/site/wwwroot/temp-extract\web.config&quot; failed: Invalid argument (22)
rsync error: some files/attrs were not transferred (see previous errors) (code 23) at main.c(1338) [sender=3.2.7]
rsync error: some files/attrs were not transferred (see previous errors) (code 23) at main.c(1338) [sender=3.2.7]
rsync error: some files/attrs were not transferred (see previous errors) (code 23) at main.c(1338) [sender=3.2.7]
rsync error: some files/attrs were not transferred (see previous errors) (code 23) at main.c(1338) [sender=3.2.7]
rsync: [receiver] open &quot;/home/site/wwwroot/temp-extract\publish\publish\publish\appsettings.Production.json&quot; failed: Invalid argument (22)
rsync: [receiver] open &quot;/home/site/wwwroot/temp-extract\SentimentAnalysis.runtimeconfig.json&quot; failed: Invalid argument (22)
rsync: [receiver] open &quot;/home/site/wwwroot/temp-extract\appsettings.json&quot; failed: Invalid argument (22)
rsync: [receiver] open &quot;/home/site/wwwroot/temp-extract\publish\appsettings.Production.json&quot; failed: Invalid argument (22)
rsync: [receiver] open &quot;/home/site/wwwroot/temp-extract\publish\publish\publish\SentimentAnalysis.runtimeconfig.json&quot; failed: Invalid argument (22)
rsync: [receiver] open &quot;/home/site/wwwroot/temp-extract\publish\publish\publish\web.config&quot; failed: Invalid argument (22)
rsync: [receiver] open &quot;/home/site/wwwroot/runtimes\win-x64\native\vcruntime140.dll&quot; failed: Invalid argument (22)
rsync: [receiver] open &quot;/home/site/wwwroot/runtimes\win\lib\net6.0\System.Drawing.Common.dll&quot; failed: Invalid argument (22)
rsync: [receiver] open &quot;/home/site/wwwroot/runtimes\unix\lib\net6.0\System.Drawing.Common.dll&quot; failed: Invalid argument (22)
rsync: [receiver] open &quot;/home/site/wwwroot/runtimes\win\lib\net6.0\System.Windows.Extensions.dll&quot; failed: Invalid argument (22)
rsync: [receiver] open &quot;/home/site/wwwroot/temp-extract\publish\publish\SentimentAnalysis.runtimeconfig.json&quot; failed: Invalid argument (22)
rsync: [receiver] open &quot;/home/site/wwwroot/temp-extract\publish\publish\publish\appsettings.example.json&quot; failed: Invalid argument (22)
rsync: [receiver] open &quot;/home/site/wwwroot/runtimes\win-x64\native\vcruntime140_1.dll&quot; failed: Invalid argument (22)
rsync: [receiver] open &quot;/home/site/wwwroot/temp-extract\publish\appsettings.json&quot; failed: Invalid argument (22)
rsync: [receiver] open &quot;/home/site/wwwroot/temp-extract\publish\publish\SentimentAnalysis.deps.json&quot; failed: Invalid argument (22)
rsync: [receiver] open &quot;/home/site/wwwroot/temp-extract\publish\publish\publish\SentimentAnalysis.deps.json&quot; failed: Invalid argument (22)
rsync: [receiver] open &quot;/home/site/wwwroot/temp-extract\publish\web.config&quot; failed: Invalid argument (22)
rsync error: some files/attrs were not transferred (see previous errors) (code 23) at main.c(1338) [sender=3.2.7]
rsync error: some files/attrs were not transferred (see previous errors) (code 23) at main.c(1338) [sender=3.2.7]
rsync error: some files/attrs were not transferred (see previous errors) (code 23) at main.c(1338) [sender=3.2.7]
rsync error: some files/attrs were not transferred (see previous errors) (code 23) at main.c(1338) [sender=3.2.7]
rsync error: some files/attrs were not transferred (see previous errors) (code 23) at main.c(1338) [sender=3.2.7]
rsync: [receiver] open &quot;/home/site/wwwroot/runtimes\win-x64\native\Microsoft.Azure.Cosmos.ServiceInterop.dll&quot; failed: Invalid argument (22)
rsync error: some files/attrs were not transferred (see previous errors) (code 23) at main.c(1338) [sender=3.2.7]
rsync error: some files/attrs were not transferred (see previous errors) (code 23) at main.c(1338) [sender=3.2.7]
rsync error: some files/attrs were not transferred (see previous errors) (code 23) at main.c(1338) [sender=3.2.7]
rsync: [receiver] open &quot;/home/site/wwwroot/runtimes\win\lib\net6.0\Microsoft.Win32.SystemEvents.dll&quot; failed: Invalid argument (22)
rsync: [receiver] open &quot;/home/site/wwwroot/temp-extract\appsettings.Production.json&quot; failed: Invalid argument (22)
rsync: [receiver] open &quot;/home/site/wwwroot/temp-extract\publish\publish\appsettings.example.json&quot; failed: Invalid argument (22)
rsync: [receiver] open &quot;/home/site/wwwroot/temp-extract\publish\publish\web.config&quot; failed: Invalid argument (22)
rsync error: some files/attrs were not transferred (see previous errors) (code 23) at main.c(1338) [sender=3.2.7]
/opt/Kudu/Scripts/starter.sh /opt/Kudu/Scripts/parallel_rsync.sh /tmp/zipdeploy/extracted /home/site/wwwroot 8 /tmp/ False True  " stackTrace="   at Kudu.Core.Infrastructure.Executable.ExecuteInternal(ITracer tracer, Func`2 onWriteOutput, Func`2 onWriteError, CancellationToken token, Encoding encoding, String arguments, Object[] args) in /tmp/KuduLite/Kudu.Core/Infrastructure/Executable.cs:line 239
   at Kudu.Core.Infrastructure.Executable.ExecuteWithProgressWriter(ILogger logger, ITracer tracer, CancellationToken token, String arguments, Object[] args) in /tmp/KuduLite/Kudu.Core/Infrastructure/Executable.cs:line 118
   at Kudu.Core.Deployment.Generator.ExternalCommandBuilder.RunCommand(DeploymentContext context, String command, Boolean ignoreManifest, CancellationToken token, String message) in /tmp/KuduLite/Kudu.Core/Deployment/Generator/ExternalCommandBuilder.cs:line 122" /><!-- duration: 8ms -->
              <step title="Warning" date="2025-10-21T20:33:16.188" type="warning" text="Exception in parallel rsync: ExitCode: 123, Output: Run rsync from: /tmp/zipdeploy/extracted/ to: /home/site/wwwroot/ in 8 parallel threads
Delete options: clean=False, use manifest=True, directory to ignore=
Prev manifest = /opt/Kudu/Scripts/firstDeploymentManifest and next /home/site/deployments/6ffc1b9c-71a2-4dab-a49c-36b0da0636f8/manifest
Cleaning up /tmp//filelist.txt and /tmp//splits
Creating a list of all files at /tmp//filelist.txt
No directory to exclude.
Created /tmp//filelist.txt. Total number of files to be synced = 67.
Created batches from the list of files. Processing 9 files in each thread
Running rsync for filelist /tmp//splits/split.aa from /tmp/zipdeploy/extracted/ to /home/site/wwwroot/
Running rsync for filelist /tmp//splits/split.ab from /tmp/zipdeploy/extracted/ to /home/site/wwwroot/
Running rsync for filelist /tmp//splits/split.ac from /tmp/zipdeploy/extracted/ to /home/site/wwwroot/
Running rsync for filelist /tmp//splits/split.ad from /tmp/zipdeploy/extracted/ to /home/site/wwwroot/
Running rsync for filelist /tmp//splits/split.af from /tmp/zipdeploy/extracted/ to /home/site/wwwroot/
Running rsync for filelist /tmp//splits/split.ae from /tmp/zipdeploy/extracted/ to /home/site/wwwroot/
Running rsync for filelist /tmp//splits/split.ag from /tmp/zipdeploy/extracted/ to /home/site/wwwroot/
Running rsync for filelist /tmp//splits/split.ah from /tmp/zipdeploy/extracted/ to /home/site/wwwroot/

Number of files: 9 (reg: 9)
Number of created files: 5 (reg: 5)
Number of deleted files: 0
Number of regular files transferred: 5
Total file size: 703.68K bytes
Total transferred file size: 117.84K bytes
Literal data: 117.84K bytes
Matched data: 0 bytes
File list size: 0
File list generation time: 0.002 seconds
File list transfer time: 0.000 seconds
Total bytes sent: 60.45K
Total bytes received: 123

sent 60.45K bytes  received 123 bytes  121.14K bytes/sec
total size is 703.68K  speedup is 11.62
Attempt 1: Rsync for filelist /tmp//splits/split.ad completed with exit code 23

Number of files: 9 (reg: 9)
Number of created files: 4 (reg: 4)
Number of deleted files: 0
Number of regular files transferred: 4
Total file size: 1.45M bytes
Total transferred file size: 605.02K bytes
Literal data: 605.02K bytes
Matched data: 0 bytes
File list size: 0
File list generation time: 0.004 seconds
File list transfer time: 0.000 seconds
Total bytes sent: 195.87K
Total bytes received: 107

sent 195.87K bytes  received 107 bytes  391.95K bytes/sec
total size is 1.45M  speedup is 7.40
Attempt 1: Rsync for filelist /tmp//splits/split.ab completed with exit code 23

Number of files: 9 (reg: 9)
Number of created files: 3 (reg: 3)
Number of deleted files: 0
Number of regular files transferred: 4
Total file size: 418.62K bytes
Total transferred file size: 198.96K bytes
Literal data: 198.96K bytes
Matched data: 0 bytes
File list size: 0
File list generation time: 0.001 seconds
File list transfer time: 0.000 seconds
Total bytes sent: 17.83K
Total bytes received: 107

sent 17.83K bytes  received 107 bytes  35.88K bytes/sec
total size is 418.62K  speedup is 23.34
Attempt 1: Rsync for filelist /tmp//splits/split.aa completed with exit code 23

Number of files: 4 (reg: 4)
Number of created files: 1 (reg: 1)
Number of deleted files: 0
Number of regular files transferred: 1
Total file size: 2.12M bytes
Total transferred file size: 944 bytes
Literal data: 944 bytes
Matched data: 0 bytes
File list size: 0
File list generation time: 0.001 seconds
File list transfer time: 0.000 seconds
Total bytes sent: 951
Total bytes received: 44

sent 951 bytes  received 44 bytes  1.99K bytes/sec
total size is 2.12M  speedup is 2,131.86
Attempt 1: Rsync for filelist /tmp//splits/split.ah completed with exit code 23

Number of files: 9 (reg: 9)
Number of created files: 5 (reg: 5)
Number of deleted files: 0
Number of regular files transferred: 5
Total file size: 416.88K bytes
Total transferred file size: 3.31K bytes
Literal data: 3.31K bytes
Matched data: 0 bytes
File list size: 0
File list generation time: 0.002 seconds
File list transfer time: 0.000 seconds
Total bytes sent: 1.98K
Total bytes received: 123

sent 1.98K bytes  received 123 bytes  4.21K bytes/sec
total size is 416.88K  speedup is 198.23
Attempt 1: Rsync for filelist /tmp//splits/split.af completed with exit code 23

Number of files: 9 (reg: 9)
Number of created files: 6 (reg: 6)
Number of deleted files: 0
Number of regular files transferred: 6
Total file size: 4.99M bytes
Total transferred file size: 665.81K bytes
Literal data: 665.81K bytes
Matched data: 0 bytes
File list size: 0
File list generation time: 0.001 seconds
File list transfer time: 0.000 seconds
Total bytes sent: 211.01K
Total bytes received: 139

sent 211.01K bytes  received 139 bytes  422.30K bytes/sec
total size is 4.99M  speedup is 23.65
Attempt 1: Rsync for filelist /tmp//splits/split.ae completed with exit code 23

Number of files: 9 (reg: 9)
Number of created files: 5 (reg: 5)
Number of deleted files: 0
Number of regular files transferred: 5
Total file size: 959.82K bytes
Total transferred file size: 597.50K bytes
Literal data: 597.50K bytes
Matched data: 0 bytes
File list size: 0
File list generation time: 0.004 seconds
File list transfer time: 0.000 seconds
Total bytes sent: 254.30K
Total bytes received: 123

sent 254.30K bytes  received 123 bytes  508.85K bytes/sec
total size is 959.82K  speedup is 3.77
Attempt 1: Rsync for filelist /tmp//splits/split.ag completed with exit code 23

Number of files: 9 (reg: 9)
Number of created files: 5 (reg: 5)
Number of deleted files: 0
Number of regular files transferred: 5
Total file size: 703.68K bytes
Total transferred file size: 117.84K bytes
Literal data: 117.84K bytes
Matched data: 0 bytes
File list size: 0
File list generation time: 0.005 seconds
File list transfer time: 0.000 seconds
Total bytes sent: 60.45K
Total bytes received: 123

sent 60.45K bytes  received 123 bytes  121.14K bytes/sec
total size is 703.68K  speedup is 11.62
Attempt 2: Rsync for filelist /tmp//splits/split.ad completed with exit code 23

Number of files: 9 (reg: 9)
Number of created files: 4 (reg: 4)
Number of deleted files: 0
Number of regular files transferred: 4
Total file size: 1.45M bytes
Total transferred file size: 605.02K bytes
Literal data: 605.02K bytes
Matched data: 0 bytes
File list size: 0
File list generation time: 0.004 seconds
File list transfer time: 0.000 seconds
Total bytes sent: 195.87K
Total bytes received: 107

sent 195.87K bytes  received 107 bytes  391.95K bytes/sec
total size is 1.45M  speedup is 7.40
Attempt 2: Rsync for filelist /tmp//splits/split.ab completed with exit code 23

Number of files: 9 (reg: 9)
Number of created files: 3 (reg: 3)
Number of deleted files: 0
Number of regular files transferred: 3
Total file size: 418.62K bytes
Total transferred file size: 198.48K bytes
Literal data: 198.48K bytes
Matched data: 0 bytes
File list size: 0
File list generation time: 0.001 seconds
File list transfer time: 0.000 seconds
Total bytes sent: 17.79K
Total bytes received: 91

sent 17.79K bytes  received 91 bytes  35.75K bytes/sec
total size is 418.62K  speedup is 23.42
Attempt 2: Rsync for filelist /tmp//splits/split.aa completed with exit code 23

Number of files: 9 (reg: 9)
Number of created files: 5 (reg: 5)
Number of deleted files: 0
Number of regular files transferred: 5
Total file size: 17.24M bytes
Total transferred file size: 8.37M bytes
Literal data: 8.37M bytes
Matched data: 0 bytes
File list size: 0
File list generation time: 0.004 seconds
File list transfer time: 0.000 seconds
Total bytes sent: 2.37M
Total bytes received: 123

sent 2.37M bytes  received 123 bytes  4.74M bytes/sec
total size is 17.24M  speedup is 7.28
Attempt 1: Rsync for filelist /tmp//splits/split.ac completed with exit code 23

Number of files: 4 (reg: 4)
Number of created files: 1 (reg: 1)
Number of deleted files: 0
Number of regular files transferred: 1
Total file size: 2.12M bytes
Total transferred file size: 944 bytes
Literal data: 944 bytes
Matched data: 0 bytes
File list size: 0
File list generation time: 0.001 seconds
File list transfer time: 0.000 seconds
Total bytes sent: 951
Total bytes received: 44

sent 951 bytes  received 44 bytes  1.99K bytes/sec
total size is 2.12M  speedup is 2,131.86
Attempt 2: Rsync for filelist /tmp//splits/split.ah completed with exit code 23

Number of files: 9 (reg: 9)
Number of created files: 5 (reg: 5)
Number of deleted files: 0
Number of regular files transferred: 5
Total file size: 416.88K bytes
Total transferred file size: 3.31K bytes
Literal data: 3.31K bytes
Matched data: 0 bytes
File list size: 0
File list generation time: 0.003 seconds
File list transfer time: 0.000 seconds
Total bytes sent: 1.98K
Total bytes received: 123

sent 1.98K bytes  received 123 bytes  4.21K bytes/sec
total size is 416.88K  speedup is 198.23
Attempt 2: Rsync for filelist /tmp//splits/split.af completed with exit code 23

Number of files: 9 (reg: 9)
Number of created files: 5 (reg: 5)
Number of deleted files: 0
Number of regular files transferred: 5
Total file size: 959.82K bytes
Total transferred file size: 597.50K bytes
Literal data: 597.50K bytes
Matched data: 0 bytes
File list size: 0
File list generation time: 0.002 seconds
File list transfer time: 0.000 seconds
Total bytes sent: 254.30K
Total bytes received: 123

sent 254.30K bytes  received 123 bytes  508.85K bytes/sec
total size is 959.82K  speedup is 3.77
Attempt 2: Rsync for filelist /tmp//splits/split.ag completed with exit code 23

Number of files: 9 (reg: 9)
Number of created files: 6 (reg: 6)
Number of deleted files: 0
Number of regular files transferred: 6
Total file size: 4.99M bytes
Total transferred file size: 665.81K bytes
Literal data: 665.81K bytes
Matched data: 0 bytes
File list size: 0
File list generation time: 0.002 seconds
File list transfer time: 0.000 seconds
Total bytes sent: 211.01K
Total bytes received: 139

sent 211.01K bytes  received 139 bytes  422.30K bytes/sec
total size is 4.99M  speedup is 23.65
Attempt 2: Rsync for filelist /tmp//splits/split.ae completed with exit code 23

Number of files: 9 (reg: 9)
Number of created files: 5 (reg: 5)
Number of deleted files: 0
Number of regular files transferred: 5
Total file size: 17.24M bytes
Total transferred file size: 8.37M bytes
Literal data: 8.37M bytes
Matched data: 0 bytes
File list size: 0
File list generation time: 0.001 seconds
File list transfer time: 0.000 seconds
Total bytes sent: 2.37M
Total bytes received: 123

sent 2.37M bytes  received 123 bytes  4.74M bytes/sec
total size is 17.24M  speedup is 7.28
Attempt 2: Rsync for filelist /tmp//splits/split.ac completed with exit code 23
An error has occurred during web site deployment.
Rsync failed in 1 seconds, Error: rsync: [receiver] open &quot;/home/site/wwwroot/runtimes\win-x64\native\msvcp140.dll&quot; failed: Invalid argument (22)
rsync: [receiver] open &quot;/home/site/wwwroot/runtimes\win-x64\native\Microsoft.Azure.Cosmos.ServiceInterop.dll&quot; failed: Invalid argument (22)
rsync: [receiver] open &quot;/home/site/wwwroot/runtimes\win-x64\native\Cosmos.CRTCompat.dll&quot; failed: Invalid argument (22)
rsync: [receiver] open &quot;/home/site/wwwroot/temp-extract\appsettings.example.json&quot; failed: Invalid argument (22)
rsync: [receiver] open &quot;/home/site/wwwroot/temp-extract\publish\SentimentAnalysis.runtimeconfig.json&quot; failed: Invalid argument (22)
rsync: [receiver] open &quot;/home/site/wwwroot/temp-extract\publish\publish\appsettings.json&quot; failed: Invalid argument (22)
rsync: [receiver] open &quot;/home/site/wwwroot/temp-extract\publish\publish\publish\appsettings.json&quot; failed: Invalid argument (22)
rsync: [receiver] open &quot;/home/site/wwwroot/runtimes\win\lib\net6.0\System.Security.Cryptography.ProtectedData.dll&quot; failed: Invalid argument (22)
rsync: [receiver] open &quot;/home/site/wwwroot/temp-extract\publish\appsettings.example.json&quot; failed: Invalid argument (22)
rsync: [receiver] open &quot;/home/site/wwwroot/temp-extract\publish\publish\appsettings.Production.json&quot; failed: Invalid argument (22)
rsync: [receiver] open &quot;/home/site/wwwroot/temp-extract\SentimentAnalysis.deps.json&quot; failed: Invalid argument (22)
rsync: [receiver] open &quot;/home/site/wwwroot/temp-extract\publish\SentimentAnalysis.deps.json&quot; failed: Invalid argument (22)
rsync: [receiver] open &quot;/home/site/wwwroot/temp-extract\web.config&quot; failed: Invalid argument (22)
rsync: [receiver] open &quot;/home/site/wwwroot/runtimes\unix\lib\net6.0\System.Drawing.Common.dll&quot; failed: Invalid argument (22)
rsync: [receiver] open &quot;/home/site/wwwroot/runtimes\win-x64\native\vcruntime140_1.dll&quot; failed: Invalid argument (22)
rsync: [receiver] open &quot;/home/site/wwwroot/temp-extract\publish\publish\publish\appsettings.Production.json&quot; failed: Invalid argument (22)
rsync: [receiver] open &quot;/home/site/wwwroot/temp-extract\SentimentAnalysis.runtimeconfig.json&quot; failed: Invalid argument (22)
rsync: [receiver] open &quot;/home/site/wwwroot/temp-extract\appsettings.json&quot; failed: Invalid argument (22)
rsync: [receiver] open &quot;/home/site/wwwroot/temp-extract\publish\appsettings.Production.json&quot; failed: Invalid argument (22)
rsync: [receiver] open &quot;/home/site/wwwroot/temp-extract\publish\publish\publish\SentimentAnalysis.runtimeconfig.json&quot; failed: Invalid argument (22)
rsync: [receiver] open &quot;/home/site/wwwroot/temp-extract\publish\publish\publish\web.config&quot; failed: Invalid argument (22)
rsync: [receiver] open &quot;/home/site/wwwroot/temp-extract\publish\appsettings.json&quot; failed: Invalid argument (22)
rsync: [receiver] open &quot;/home/site/wwwroot/temp-extract\publish\publish\SentimentAnalysis.deps.json&quot; failed: Invalid argument (22)
rsync: [receiver] open &quot;/home/site/wwwroot/temp-extract\publish\publish\publish\SentimentAnalysis.deps.json&quot; failed: Invalid argument (22)
rsync: [receiver] open &quot;/home/site/wwwroot/temp-extract\publish\web.config&quot; failed: Invalid argument (22)
rsync: [receiver] open &quot;/home/site/wwwroot/runtimes\win-x64\native\vcruntime140.dll&quot; failed: Invalid argument (22)
rsync: [receiver] open &quot;/home/site/wwwroot/runtimes\win\lib\net6.0\System.Drawing.Common.dll&quot; failed: Invalid argument (22)
rsync: [receiver] open &quot;/home/site/wwwroot/runtimes\win\lib\net6.0\System.Windows.Extensions.dll&quot; failed: Invalid argument (22)
rsync: [receiver] open &quot;/home/site/wwwroot/temp-extract\publish\publish\SentimentAnalysis.runtimeconfig.json&quot; failed: Invalid argument (22)
rsync: [receiver] open &quot;/home/site/wwwroot/temp-extract\publish\publish\publish\appsettings.example.json&quot; failed: Invalid argument (22)
rsync error: some files/attrs were not transferred (see previous errors) (code 23) at main.c(1338) [sender=3.2.7]
rsync error: some files/attrs were not transferred (see previous errors) (code 23) at main.c(1338) [sender=3.2.7]
rsync error: some files/attrs were not transferred (see previous errors) (code 23) at main.c(1338) [sender=3.2.7]
rsync: [receiver] open &quot;/home/site/wwwroot/runtimes\win-x64\native\msvcp140.dll&quot; failed: Invalid argument (22)
rsync: [receiver] open &quot;/home/site/wwwroot/runtimes\win-x64\native\Cosmos.CRTCompat.dll&quot; failed: Invalid argument (22)
rsync: [receiver] open &quot;/home/site/wwwroot/temp-extract\appsettings.example.json&quot; failed: Invalid argument (22)
rsync: [receiver] open &quot;/home/site/wwwroot/temp-extract\publish\SentimentAnalysis.runtimeconfig.json&quot; failed: Invalid argument (22)
rsync: [receiver] open &quot;/home/site/wwwroot/temp-extract\publish\publish\appsettings.json&quot; failed: Invalid argument (22)
rsync: [receiver] open &quot;/home/site/wwwroot/temp-extract\publish\publish\publish\appsettings.json&quot; failed: Invalid argument (22)
rsync: [receiver] open &quot;/home/site/wwwroot/runtimes\win\lib\net6.0\System.Security.Cryptography.ProtectedData.dll&quot; failed: Invalid argument (22)
rsync: [receiver] open &quot;/home/site/wwwroot/runtimes\win\lib\net6.0\Microsoft.Win32.SystemEvents.dll&quot; failed: Invalid argument (22)
rsync: [receiver] open &quot;/home/site/wwwroot/temp-extract\publish\appsettings.example.json&quot; failed: Invalid argument (22)
rsync: [receiver] open &quot;/home/site/wwwroot/temp-extract\publish\publish\appsettings.Production.json&quot; failed: Invalid argument (22)
rsync: [receiver] open &quot;/home/site/wwwroot/temp-extract\appsettings.Production.json&quot; failed: Invalid argument (22)
rsync: [receiver] open &quot;/home/site/wwwroot/temp-extract\publish\publish\appsettings.example.json&quot; failed: Invalid argument (22)
rsync: [receiver] open &quot;/home/site/wwwroot/temp-extract\publish\publish\web.config&quot; failed: Invalid argument (22)
rsync: [receiver] open &quot;/home/site/wwwroot/temp-extract\SentimentAnalysis.deps.json&quot; failed: Invalid argument (22)
rsync: [receiver] open &quot;/home/site/wwwroot/temp-extract\publish\SentimentAnalysis.deps.json&quot; failed: Invalid argument (22)
rsync: [receiver] open &quot;/home/site/wwwroot/temp-extract\web.config&quot; failed: Invalid argument (22)
rsync error: some files/attrs were not transferred (see previous errors) (code 23) at main.c(1338) [sender=3.2.7]
rsync error: some files/attrs were not transferred (see previous errors) (code 23) at main.c(1338) [sender=3.2.7]
rsync error: some files/attrs were not transferred (see previous errors) (code 23) at main.c(1338) [sender=3.2.7]
rsync error: some files/attrs were not transferred (see previous errors) (code 23) at main.c(1338) [sender=3.2.7]
rsync: [receiver] open &quot;/home/site/wwwroot/temp-extract\publish\publish\publish\appsettings.Production.json&quot; failed: Invalid argument (22)
rsync: [receiver] open &quot;/home/site/wwwroot/temp-extract\SentimentAnalysis.runtimeconfig.json&quot; failed: Invalid argument (22)
rsync: [receiver] open &quot;/home/site/wwwroot/temp-extract\appsettings.json&quot; failed: Invalid argument (22)
rsync: [receiver] open &quot;/home/site/wwwroot/temp-extract\publish\appsettings.Production.json&quot; failed: Invalid argument (22)
rsync: [receiver] open &quot;/home/site/wwwroot/temp-extract\publish\publish\publish\SentimentAnalysis.runtimeconfig.json&quot; failed: Invalid argument (22)
rsync: [receiver] open &quot;/home/site/wwwroot/temp-extract\publish\publish\publish\web.config&quot; failed: Invalid argument (22)
rsync: [receiver] open &quot;/home/site/wwwroot/runtimes\win-x64\native\vcruntime140.dll&quot; failed: Invalid argument (22)
rsync: [receiver] open &quot;/home/site/wwwroot/runtimes\win\lib\net6.0\System.Drawing.Common.dll&quot; failed: Invalid argument (22)
rsync: [receiver] open &quot;/home/site/wwwroot/runtimes\unix\lib\net6.0\System.Drawing.Common.dll&quot; failed: Invalid argument (22)
rsync: [receiver] open &quot;/home/site/wwwroot/runtimes\win\lib\net6.0\System.Windows.Extensions.dll&quot; failed: Invalid argument (22)
rsync: [receiver] open &quot;/home/site/wwwroot/temp-extract\publish\publish\SentimentAnalysis.runtimeconfig.json&quot; failed: Invalid argument (22)
rsync: [receiver] open &quot;/home/site/wwwroot/temp-extract\publish\publish\publish\appsettings.example.json&quot; failed: Invalid argument (22)
rsync: [receiver] open &quot;/home/site/wwwroot/runtimes\win-x64\native\vcruntime140_1.dll&quot; failed: Invalid argument (22)
rsync: [receiver] open &quot;/home/site/wwwroot/temp-extract\publish\appsettings.json&quot; failed: Invalid argument (22)
rsync: [receiver] open &quot;/home/site/wwwroot/temp-extract\publish\publish\SentimentAnalysis.deps.json&quot; failed: Invalid argument (22)
rsync: [receiver] open &quot;/home/site/wwwroot/temp-extract\publish\publish\publish\SentimentAnalysis.deps.json&quot; failed: Invalid argument (22)
rsync: [receiver] open &quot;/home/site/wwwroot/temp-extract\publish\web.config&quot; failed: Invalid argument (22)
rsync error: some files/attrs were not transferred (see previous errors) (code 23) at main.c(1338) [sender=3.2.7]
rsync error: some files/attrs were not transferred (see previous errors) (code 23) at main.c(1338) [sender=3.2.7]
rsync error: some files/attrs were not transferred (see previous errors) (code 23) at main.c(1338) [sender=3.2.7]
rsync error: some files/attrs were not transferred (see previous errors) (code 23) at main.c(1338) [sender=3.2.7]
rsync error: some files/attrs were not transferred (see previous errors) (code 23) at main.c(1338) [sender=3.2.7]
rsync: [receiver] open &quot;/home/site/wwwroot/runtimes\win-x64\native\Microsoft.Azure.Cosmos.ServiceInterop.dll&quot; failed: Invalid argument (22)
rsync error: some files/attrs were not transferred (see previous errors) (code 23) at main.c(1338) [sender=3.2.7]
rsync error: some files/attrs were not transferred (see previous errors) (code 23) at main.c(1338) [sender=3.2.7]
rsync error: some files/attrs were not transferred (see previous errors) (code 23) at main.c(1338) [sender=3.2.7]
rsync: [receiver] open &quot;/home/site/wwwroot/runtimes\win\lib\net6.0\Microsoft.Win32.SystemEvents.dll&quot; failed: Invalid argument (22)
rsync: [receiver] open &quot;/home/site/wwwroot/temp-extract\appsettings.Production.json&quot; failed: Invalid argument (22)
rsync: [receiver] open &quot;/home/site/wwwroot/temp-extract\publish\publish\appsettings.example.json&quot; failed: Invalid argument (22)
rsync: [receiver] open &quot;/home/site/wwwroot/temp-extract\publish\publish\web.config&quot; failed: Invalid argument (22)
rsync error: some files/attrs were not transferred (see previous errors) (code 23) at main.c(1338) [sender=3.2.7], Kudu.Core.Infrastructure.CommandLineException: rsync: [receiver] open &quot;/home/site/wwwroot/runtimes\win-x64\native\msvcp140.dll&quot; failed: Invalid argument (22)
rsync: [receiver] open &quot;/home/site/wwwroot/runtimes\win-x64\native\Microsoft.Azure.Cosmos.ServiceInterop.dll&quot; failed: Invalid argument (22)
rsync: [receiver] open &quot;/home/site/wwwroot/runtimes\win-x64\native\Cosmos.CRTCompat.dll&quot; failed: Invalid argument (22)
rsync: [receiver] open &quot;/home/site/wwwroot/temp-extract\appsettings.example.json&quot; failed: Invalid argument (22)
rsync: [receiver] open &quot;/home/site/wwwroot/temp-extract\publish\SentimentAnalysis.runtimeconfig.json&quot; failed: Invalid argument (22)
rsync: [receiver] open &quot;/home/site/wwwroot/temp-extract\publish\publish\appsettings.json&quot; failed: Invalid argument (22)
rsync: [receiver] open &quot;/home/site/wwwroot/temp-extract\publish\publish\publish\appsettings.json&quot; failed: Invalid argument (22)
rsync: [receiver] open &quot;/home/site/wwwroot/runtimes\win\lib\net6.0\System.Security.Cryptography.ProtectedData.dll&quot; failed: Invalid argument (22)
rsync: [receiver] open &quot;/home/site/wwwroot/temp-extract\publish\appsettings.example.json&quot; failed: Invalid argument (22)
rsync: [receiver] open &quot;/home/site/wwwroot/temp-extract\publish\publish\appsettings.Production.json&quot; failed: Invalid argument (22)
rsync: [receiver] open &quot;/home/site/wwwroot/temp-extract\SentimentAnalysis.deps.json&quot; failed: Invalid argument (22)
rsync: [receiver] open &quot;/home/site/wwwroot/temp-extract\publish\SentimentAnalysis.deps.json&quot; failed: Invalid argument (22)
rsync: [receiver] open &quot;/home/site/wwwroot/temp-extract\web.config&quot; failed: Invalid argument (22)
rsync: [receiver] open &quot;/home/site/wwwroot/runtimes\unix\lib\net6.0\System.Drawing.Common.dll&quot; failed: Invalid argument (22)
rsync: [receiver] open &quot;/home/site/wwwroot/runtimes\win-x64\native\vcruntime140_1.dll&quot; failed: Invalid argument (22)
rsync: [receiver] open &quot;/home/site/wwwroot/temp-extract\publish\publish\publish\appsettings.Production.json&quot; failed: Invalid argument (22)
rsync: [receiver] open &quot;/home/site/wwwroot/temp-extract\SentimentAnalysis.runtimeconfig.json&quot; failed: Invalid argument (22)
rsync: [receiver] open &quot;/home/site/wwwroot/temp-extract\appsettings.json&quot; failed: Invalid argument (22)
rsync: [receiver] open &quot;/home/site/wwwroot/temp-extract\publish\appsettings.Production.json&quot; failed: Invalid argument (22)
rsync: [receiver] open &quot;/home/site/wwwroot/temp-extract\publish\publish\publish\SentimentAnalysis.runtimeconfig.json&quot; failed: Invalid argument (22)
rsync: [receiver] open &quot;/home/site/wwwroot/temp-extract\publish\publish\publish\web.config&quot; failed: Invalid argument (22)
rsync: [receiver] open &quot;/home/site/wwwroot/temp-extract\publish\appsettings.json&quot; failed: Invalid argument (22)
rsync: [receiver] open &quot;/home/site/wwwroot/temp-extract\publish\publish\SentimentAnalysis.deps.json&quot; failed: Invalid argument (22)
rsync: [receiver] open &quot;/home/site/wwwroot/temp-extract\publish\publish\publish\SentimentAnalysis.deps.json&quot; failed: Invalid argument (22)
rsync: [receiver] open &quot;/home/site/wwwroot/temp-extract\publish\web.config&quot; failed: Invalid argument (22)
rsync: [receiver] open &quot;/home/site/wwwroot/runtimes\win-x64\native\vcruntime140.dll&quot; failed: Invalid argument (22)
rsync: [receiver] open &quot;/home/site/wwwroot/runtimes\win\lib\net6.0\System.Drawing.Common.dll&quot; failed: Invalid argument (22)
rsync: [receiver] open &quot;/home/site/wwwroot/runtimes\win\lib\net6.0\System.Windows.Extensions.dll&quot; failed: Invalid argument (22)
rsync: [receiver] open &quot;/home/site/wwwroot/temp-extract\publish\publish\SentimentAnalysis.runtimeconfig.json&quot; failed: Invalid argument (22)
rsync: [receiver] open &quot;/home/site/wwwroot/temp-extract\publish\publish\publish\appsettings.example.json&quot; failed: Invalid argument (22)
rsync error: some files/attrs were not transferred (see previous errors) (code 23) at main.c(1338) [sender=3.2.7]
rsync error: some files/attrs were not transferred (see previous errors) (code 23) at main.c(1338) [sender=3.2.7]
rsync error: some files/attrs were not transferred (see previous errors) (code 23) at main.c(1338) [sender=3.2.7]
rsync: [receiver] open &quot;/home/site/wwwroot/runtimes\win-x64\native\msvcp140.dll&quot; failed: Invalid argument (22)
rsync: [receiver] open &quot;/home/site/wwwroot/runtimes\win-x64\native\Cosmos.CRTCompat.dll&quot; failed: Invalid argument (22)
rsync: [receiver] open &quot;/home/site/wwwroot/temp-extract\appsettings.example.json&quot; failed: Invalid argument (22)
rsync: [receiver] open &quot;/home/site/wwwroot/temp-extract\publish\SentimentAnalysis.runtimeconfig.json&quot; failed: Invalid argument (22)
rsync: [receiver] open &quot;/home/site/wwwroot/temp-extract\publish\publish\appsettings.json&quot; failed: Invalid argument (22)
rsync: [receiver] open &quot;/home/site/wwwroot/temp-extract\publish\publish\publish\appsettings.json&quot; failed: Invalid argument (22)
rsync: [receiver] open &quot;/home/site/wwwroot/runtimes\win\lib\net6.0\System.Security.Cryptography.ProtectedData.dll&quot; failed: Invalid argument (22)
rsync: [receiver] open &quot;/home/site/wwwroot/runtimes\win\lib\net6.0\Microsoft.Win32.SystemEvents.dll&quot; failed: Invalid argument (22)
rsync: [receiver] open &quot;/home/site/wwwroot/temp-extract\publish\appsettings.example.json&quot; failed: Invalid argument (22)
rsync: [receiver] open &quot;/home/site/wwwroot/temp-extract\publish\publish\appsettings.Production.json&quot; failed: Invalid argument (22)
rsync: [receiver] open &quot;/home/site/wwwroot/temp-extract\appsettings.Production.json&quot; failed: Invalid argument (22)
rsync: [receiver] open &quot;/home/site/wwwroot/temp-extract\publish\publish\appsettings.example.json&quot; failed: Invalid argument (22)
rsync: [receiver] open &quot;/home/site/wwwroot/temp-extract\publish\publish\web.config&quot; failed: Invalid argument (22)
rsync: [receiver] open &quot;/home/site/wwwroot/temp-extract\SentimentAnalysis.deps.json&quot; failed: Invalid argument (22)
rsync: [receiver] open &quot;/home/site/wwwroot/temp-extract\publish\SentimentAnalysis.deps.json&quot; failed: Invalid argument (22)
rsync: [receiver] open &quot;/home/site/wwwroot/temp-extract\web.config&quot; failed: Invalid argument (22)
rsync error: some files/attrs were not transferred (see previous errors) (code 23) at main.c(1338) [sender=3.2.7]
rsync error: some files/attrs were not transferred (see previous errors) (code 23) at main.c(1338) [sender=3.2.7]
rsync error: some files/attrs were not transferred (see previous errors) (code 23) at main.c(1338) [sender=3.2.7]
rsync error: some files/attrs were not transferred (see previous errors) (code 23) at main.c(1338) [sender=3.2.7]
rsync: [receiver] open &quot;/home/site/wwwroot/temp-extract\publish\publish\publish\appsettings.Production.json&quot; failed: Invalid argument (22)
rsync: [receiver] open &quot;/home/site/wwwroot/temp-extract\SentimentAnalysis.runtimeconfig.json&quot; failed: Invalid argument (22)
rsync: [receiver] open &quot;/home/site/wwwroot/temp-extract\appsettings.json&quot; failed: Invalid argument (22)
rsync: [receiver] open &quot;/home/site/wwwroot/temp-extract\publish\appsettings.Production.json&quot; failed: Invalid argument (22)
rsync: [receiver] open &quot;/home/site/wwwroot/temp-extract\publish\publish\publish\SentimentAnalysis.runtimeconfig.json&quot; failed: Invalid argument (22)
rsync: [receiver] open &quot;/home/site/wwwroot/temp-extract\publish\publish\publish\web.config&quot; failed: Invalid argument (22)
rsync: [receiver] open &quot;/home/site/wwwroot/runtimes\win-x64\native\vcruntime140.dll&quot; failed: Invalid argument (22)
rsync: [receiver] open &quot;/home/site/wwwroot/runtimes\win\lib\net6.0\System.Drawing.Common.dll&quot; failed: Invalid argument (22)
rsync: [receiver] open &quot;/home/site/wwwroot/runtimes\unix\lib\net6.0\System.Drawing.Common.dll&quot; failed: Invalid argument (22)
rsync: [receiver] open &quot;/home/site/wwwroot/runtimes\win\lib\net6.0\System.Windows.Extensions.dll&quot; failed: Invalid argument (22)
rsync: [receiver] open &quot;/home/site/wwwroot/temp-extract\publish\publish\SentimentAnalysis.runtimeconfig.json&quot; failed: Invalid argument (22)
rsync: [receiver] open &quot;/home/site/wwwroot/temp-extract\publish\publish\publish\appsettings.example.json&quot; failed: Invalid argument (22)
rsync: [receiver] open &quot;/home/site/wwwroot/runtimes\win-x64\native\vcruntime140_1.dll&quot; failed: Invalid argument (22)
rsync: [receiver] open &quot;/home/site/wwwroot/temp-extract\publish\appsettings.json&quot; failed: Invalid argument (22)
rsync: [receiver] open &quot;/home/site/wwwroot/temp-extract\publish\publish\SentimentAnalysis.deps.json&quot; failed: Invalid argument (22)
rsync: [receiver] open &quot;/home/site/wwwroot/temp-extract\publish\publish\publish\SentimentAnalysis.deps.json&quot; failed: Invalid argument (22)
rsync: [receiver] open &quot;/home/site/wwwroot/temp-extract\publish\web.config&quot; failed: Invalid argument (22)
rsync error: some files/attrs were not transferred (see previous errors) (code 23) at main.c(1338) [sender=3.2.7]
rsync error: some files/attrs were not transferred (see previous errors) (code 23) at main.c(1338) [sender=3.2.7]
rsync error: some files/attrs were not transferred (see previous errors) (code 23) at main.c(1338) [sender=3.2.7]
rsync error: some files/attrs were not transferred (see previous errors) (code 23) at main.c(1338) [sender=3.2.7]
rsync error: some files/attrs were not transferred (see previous errors) (code 23) at main.c(1338) [sender=3.2.7]
rsync: [receiver] open &quot;/home/site/wwwroot/runtimes\win-x64\native\Microsoft.Azure.Cosmos.ServiceInterop.dll&quot; failed: Invalid argument (22)
rsync error: some files/attrs were not transferred (see previous errors) (code 23) at main.c(1338) [sender=3.2.7]
rsync error: some files/attrs were not transferred (see previous errors) (code 23) at main.c(1338) [sender=3.2.7]
rsync error: some files/attrs were not transferred (see previous errors) (code 23) at main.c(1338) [sender=3.2.7]
rsync: [receiver] open &quot;/home/site/wwwroot/runtimes\win\lib\net6.0\Microsoft.Win32.SystemEvents.dll&quot; failed: Invalid argument (22)
rsync: [receiver] open &quot;/home/site/wwwroot/temp-extract\appsettings.Production.json&quot; failed: Invalid argument (22)
rsync: [receiver] open &quot;/home/site/wwwroot/temp-extract\publish\publish\appsettings.example.json&quot; failed: Invalid argument (22)
rsync: [receiver] open &quot;/home/site/wwwroot/temp-extract\publish\publish\web.config&quot; failed: Invalid argument (22)
rsync error: some files/attrs were not transferred (see previous errors) (code 23) at main.c(1338) [sender=3.2.7]
/opt/Kudu/Scripts/starter.sh /opt/Kudu/Scripts/parallel_rsync.sh /tmp/zipdeploy/extracted /home/site/wwwroot 8 /tmp/ False True  
   at Kudu.Core.Infrastructure.Executable.ExecuteInternal(ITracer tracer, Func`2 onWriteOutput, Func`2 onWriteError, CancellationToken token, Encoding encoding, String arguments, Object[] args) in /tmp/KuduLite/Kudu.Core/Infrastructure/Executable.cs:line 239
   at Kudu.Core.Infrastructure.Executable.ExecuteWithProgressWriter(ILogger logger, ITracer tracer, CancellationToken token, String arguments, Object[] args) in /tmp/KuduLite/Kudu.Core/Infrastructure/Executable.cs:line 118
   at Kudu.Core.Deployment.Generator.ExternalCommandBuilder.RunCommand(DeploymentContext context, String command, Boolean ignoreManifest, CancellationToken token, String message) in /tmp/KuduLite/Kudu.Core/Deployment/Generator/ExternalCommandBuilder.cs:line 122
   at Kudu.Core.Deployment.Generator.GeneratorSiteBuilder.Build(DeploymentContext context, CancellationToken token) in /tmp/KuduLite/Kudu.Core/Deployment/Generator/GeneratorSiteBuilder.cs:line 70" /><!-- duration: 7ms -->
              <step title="Generating deployment script" date="2025-10-21T20:33:16.198" >
                <step title="Using cached version of the deployment script for command: -y --no-dot-deployment -r &quot;/tmp/zipdeploy/extracted&quot; -o &quot;/home/site/deployments/tools&quot; --basic --sitePath &quot;/tmp/zipdeploy/extracted&quot;" date="2025-10-21T20:33:16.230" /><!-- duration: 4ms -->
              </step><!-- duration: 47ms -->
              <step title="Executing external process" date="2025-10-21T20:33:16.384" type="process" path="starter.sh" arguments="&quot;/home/site/deployments/tools/deploy.sh&quot;" >
                <step title="Process dump" date="2025-10-21T20:33:16.609" exitCode="1" type="processOutput" /><!-- duration: 9ms -->
              </step><!-- duration: 238ms -->
              <step title="Error occurred" date="2025-10-21T20:33:16.635" type="error" text="
/opt/Kudu/Scripts/starter.sh &quot;/home/site/deployments/tools/deploy.sh&quot;" stackTrace="   at Kudu.Core.Infrastructure.Executable.ExecuteInternal(ITracer tracer, Func`2 onWriteOutput, Func`2 onWriteError, CancellationToken token, Encoding encoding, String arguments, Object[] args) in /tmp/KuduLite/Kudu.Core/Infrastructure/Executable.cs:line 239
   at Kudu.Core.Infrastructure.Executable.ExecuteWithProgressWriter(ILogger logger, ITracer tracer, CancellationToken token, String arguments, Object[] args) in /tmp/KuduLite/Kudu.Core/Infrastructure/Executable.cs:line 118
   at Kudu.Core.Deployment.Generator.ExternalCommandBuilder.RunCommand(DeploymentContext context, String command, Boolean ignoreManifest, CancellationToken token, String message) in /tmp/KuduLite/Kudu.Core/Deployment/Generator/ExternalCommandBuilder.cs:line 122" /><!-- duration: 3ms -->
              <step title="Error occurred" date="2025-10-21T20:33:16.642" type="error" text="
/opt/Kudu/Scripts/starter.sh &quot;/home/site/deployments/tools/deploy.sh&quot;" stackTrace="   at Kudu.Core.Infrastructure.Executable.ExecuteInternal(ITracer tracer, Func`2 onWriteOutput, Func`2 onWriteError, CancellationToken token, Encoding encoding, String arguments, Object[] args) in /tmp/KuduLite/Kudu.Core/Infrastructure/Executable.cs:line 239
   at Kudu.Core.Infrastructure.Executable.ExecuteWithProgressWriter(ILogger logger, ITracer tracer, CancellationToken token, String arguments, Object[] args) in /tmp/KuduLite/Kudu.Core/Infrastructure/Executable.cs:line 118
   at Kudu.Core.Deployment.Generator.ExternalCommandBuilder.RunCommand(DeploymentContext context, String command, Boolean ignoreManifest, CancellationToken token, String message) in /tmp/KuduLite/Kudu.Core/Deployment/Generator/ExternalCommandBuilder.cs:line 122
   at Kudu.Core.Deployment.Generator.GeneratorSiteBuilder.Build(DeploymentContext context, CancellationToken token) in /tmp/KuduLite/Kudu.Core/Deployment/Generator/GeneratorSiteBuilder.cs:line 96
--- End of stack trace from previous location ---
   at Kudu.Core.Deployment.DeploymentManager.Build(ChangeSet changeSet, ITracer tracer, IDisposable deployStep, IRepository repository, DeploymentInfoBase deploymentInfo, DeploymentAnalytics deploymentAnalytics, Boolean fullBuildByDefault, CancellationToken cancellationToken) in /tmp/KuduLite/Kudu.Core/Deployment/DeploymentManager.cs:line 771" /><!-- duration: 2ms -->
              <step title="Purge deployment items" date="2025-10-21T20:33:16.899" >
                <step title="Remove e7a7872e-, Failed, received at 10/21/2025 20:30:51" date="2025-10-21T20:33:16.949" /><!-- duration: 3ms -->
              </step><!-- duration: 56ms -->
            </step><!-- duration: 4293ms -->
          </step><!-- duration: 4409ms -->
          <step title="Error occurred" date="2025-10-21T20:33:16.970" type="error" text="
/opt/Kudu/Scripts/starter.sh &quot;/home/site/deployments/tools/deploy.sh&quot;" stackTrace="   at Kudu.Core.Infrastructure.Executable.ExecuteInternal(ITracer tracer, Func`2 onWriteOutput, Func`2 onWriteError, CancellationToken token, Encoding encoding, String arguments, Object[] args) in /tmp/KuduLite/Kudu.Core/Infrastructure/Executable.cs:line 239
   at Kudu.Core.Infrastructure.Executable.ExecuteWithProgressWriter(ILogger logger, ITracer tracer, CancellationToken token, String arguments, Object[] args) in /tmp/KuduLite/Kudu.Core/Infrastructure/Executable.cs:line 118
   at Kudu.Core.Deployment.Generator.ExternalCommandBuilder.RunCommand(DeploymentContext context, String command, Boolean ignoreManifest, CancellationToken token, String message) in /tmp/KuduLite/Kudu.Core/Deployment/Generator/ExternalCommandBuilder.cs:line 122
   at Kudu.Core.Deployment.Generator.GeneratorSiteBuilder.Build(DeploymentContext context, CancellationToken token) in /tmp/KuduLite/Kudu.Core/Deployment/Generator/GeneratorSiteBuilder.cs:line 96
--- End of stack trace from previous location ---
   at Kudu.Core.Deployment.DeploymentManager.Build(ChangeSet changeSet, ITracer tracer, IDisposable deployStep, IRepository repository, DeploymentInfoBase deploymentInfo, DeploymentAnalytics deploymentAnalytics, Boolean fullBuildByDefault, CancellationToken cancellationToken) in /tmp/KuduLite/Kudu.Core/Deployment/DeploymentManager.cs:line 771
   at Kudu.Core.Deployment.DeploymentManager.Build(ChangeSet changeSet, ITracer tracer, IDisposable deployStep, IRepository repository, DeploymentInfoBase deploymentInfo, DeploymentAnalytics deploymentAnalytics, Boolean fullBuildByDefault, CancellationToken cancellationToken) in /tmp/KuduLite/Kudu.Core/Deployment/DeploymentManager.cs:line 840" /><!-- duration: 5ms -->
          <step title="Cleaning up temp files" date="2025-10-21T20:33:17.026" /><!-- duration: 17ms -->
          <step title="Cleaning up temp files" date="2025-10-21T20:33:17.058" /><!-- duration: 528ms -->
          <step title="Error occurred" date="2025-10-21T20:33:17.605" type="error" text="
/opt/Kudu/Scripts/starter.sh &quot;/home/site/deployments/tools/deploy.sh&quot;" stackTrace="   at Kudu.Core.Infrastructure.Executable.ExecuteInternal(ITracer tracer, Func`2 onWriteOutput, Func`2 onWriteError, CancellationToken token, Encoding encoding, String arguments, Object[] args) in /tmp/KuduLite/Kudu.Core/Infrastructure/Executable.cs:line 239
   at Kudu.Core.Infrastructure.Executable.ExecuteWithProgressWriter(ILogger logger, ITracer tracer, CancellationToken token, String arguments, Object[] args) in /tmp/KuduLite/Kudu.Core/Infrastructure/Executable.cs:line 118
   at Kudu.Core.Deployment.Generator.ExternalCommandBuilder.RunCommand(DeploymentContext context, String command, Boolean ignoreManifest, CancellationToken token, String message) in /tmp/KuduLite/Kudu.Core/Deployment/Generator/ExternalCommandBuilder.cs:line 122
   at Kudu.Core.Deployment.Generator.GeneratorSiteBuilder.Build(DeploymentContext context, CancellationToken token) in /tmp/KuduLite/Kudu.Core/Deployment/Generator/GeneratorSiteBuilder.cs:line 96
--- End of stack trace from previous location ---
   at Kudu.Core.Deployment.DeploymentManager.Build(ChangeSet changeSet, ITracer tracer, IDisposable deployStep, IRepository repository, DeploymentInfoBase deploymentInfo, DeploymentAnalytics deploymentAnalytics, Boolean fullBuildByDefault, CancellationToken cancellationToken) in /tmp/KuduLite/Kudu.Core/Deployment/DeploymentManager.cs:line 771
   at Kudu.Core.Deployment.DeploymentManager.Build(ChangeSet changeSet, ITracer tracer, IDisposable deployStep, IRepository repository, DeploymentInfoBase deploymentInfo, DeploymentAnalytics deploymentAnalytics, Boolean fullBuildByDefault, CancellationToken cancellationToken) in /tmp/KuduLite/Kudu.Core/Deployment/DeploymentManager.cs:line 840
   at Kudu.Core.Deployment.DeploymentManager.DeployAsync(IRepository repository, ChangeSet changeSet, String deployer, Boolean clean, DeploymentInfoBase deploymentInfo, Boolean needFileUpdate, Boolean fullBuildByDefault) in /tmp/KuduLite/Kudu.Core/Deployment/DeploymentManager.cs:line 266" /><!-- duration: 3ms -->
        </step><!-- duration: 5175ms -->
        <step title="Reloading status file with latest updates" date="2025-10-21T20:33:17.658" >
          <step title="WebHooksManager.PublishEventAsync: PostDeployment" date="2025-10-21T20:33:17.663" /><!-- duration: 27ms -->
        </step><!-- duration: 35ms -->
        <step title="Error occurred" date="2025-10-21T20:33:17.696" type="error" text="
/opt/Kudu/Scripts/starter.sh &quot;/home/site/deployments/tools/deploy.sh&quot;" stackTrace="   at Kudu.Core.Infrastructure.Executable.ExecuteInternal(ITracer tracer, Func`2 onWriteOutput, Func`2 onWriteError, CancellationToken token, Encoding encoding, String arguments, Object[] args) in /tmp/KuduLite/Kudu.Core/Infrastructure/Executable.cs:line 239
   at Kudu.Core.Infrastructure.Executable.ExecuteWithProgressWriter(ILogger logger, ITracer tracer, CancellationToken token, String arguments, Object[] args) in /tmp/KuduLite/Kudu.Core/Infrastructure/Executable.cs:line 118
   at Kudu.Core.Deployment.Generator.ExternalCommandBuilder.RunCommand(DeploymentContext context, String command, Boolean ignoreManifest, CancellationToken token, String message) in /tmp/KuduLite/Kudu.Core/Deployment/Generator/ExternalCommandBuilder.cs:line 122
   at Kudu.Core.Deployment.Generator.GeneratorSiteBuilder.Build(DeploymentContext context, CancellationToken token) in /tmp/KuduLite/Kudu.Core/Deployment/Generator/GeneratorSiteBuilder.cs:line 96
--- End of stack trace from previous location ---
   at Kudu.Core.Deployment.DeploymentManager.Build(ChangeSet changeSet, ITracer tracer, IDisposable deployStep, IRepository repository, DeploymentInfoBase deploymentInfo, DeploymentAnalytics deploymentAnalytics, Boolean fullBuildByDefault, CancellationToken cancellationToken) in /tmp/KuduLite/Kudu.Core/Deployment/DeploymentManager.cs:line 771
   at Kudu.Core.Deployment.DeploymentManager.Build(ChangeSet changeSet, ITracer tracer, IDisposable deployStep, IRepository repository, DeploymentInfoBase deploymentInfo, DeploymentAnalytics deploymentAnalytics, Boolean fullBuildByDefault, CancellationToken cancellationToken) in /tmp/KuduLite/Kudu.Core/Deployment/DeploymentManager.cs:line 840
   at Kudu.Core.Deployment.DeploymentManager.DeployAsync(IRepository repository, ChangeSet changeSet, String deployer, Boolean clean, DeploymentInfoBase deploymentInfo, Boolean needFileUpdate, Boolean fullBuildByDefault) in /tmp/KuduLite/Kudu.Core/Deployment/DeploymentManager.cs:line 266" /><!-- duration: 3ms -->
        <step title="Marking deployment as failed and cleaning up the temp deployment" date="2025-10-21T20:33:17.731" /><!-- duration: 5ms -->
      </step><!-- duration: 6875ms -->
      <step title="Error occurred" date="2025-10-21T20:33:17.861" type="error" text="One or more errors occurred. (Deployment failed)" stackTrace="   at System.Threading.Tasks.Task.ThrowIfExceptional(Boolean includeTaskCanceledExceptions)
   at System.Threading.Tasks.Task.Wait(Int32 millisecondsTimeout, CancellationToken cancellationToken)
   at System.Threading.Tasks.Task.Wait()
   at Kudu.Core.Deployment.FetchDeploymentManager.&lt;&gt;c__DisplayClass22_1.&lt;PerformBackgroundDeployment&gt;b__3() in /tmp/KuduLite/Kudu.Core/Deployment/FetchDeploymentManager.cs:line 414
   at Kudu.Contracts.Infrastructure.LockExtensions.TryLockOperation(IOperationLock lockObj, Action operation, String operationName, TimeSpan timeout) in /tmp/KuduLite/Kudu.Contracts/Infrastructure/LockExtensions.cs:line 34
   at Kudu.Contracts.Infrastructure.LockExtensions.LockOperation(IOperationLock lockObj, Action operation, String operationName, TimeSpan timeout) in /tmp/KuduLite/Kudu.Contracts/Infrastructure/LockExtensions.cs:line 46
   at Kudu.Core.Deployment.FetchDeploymentManager.&lt;&gt;c__DisplayClass22_0.&lt;PerformBackgroundDeployment&gt;b__1() in /tmp/KuduLite/Kudu.Core/Deployment/FetchDeploymentManager.cs:line 393" innerText="Deployment failed" innerStackTrace="   at Kudu.Core.Deployment.DeploymentManager.DeployAsync(IRepository repository, ChangeSet changeSet, String deployer, Boolean clean, DeploymentInfoBase deploymentInfo, Boolean needFileUpdate, Boolean fullBuildByDefault) in /tmp/KuduLite/Kudu.Core/Deployment/DeploymentManager.cs:line 307
   at Kudu.Core.Deployment.FetchDeploymentManager.PerformDeployment(DeploymentInfoBase deploymentInfo, IDisposable tempDeployment, ChangeSet tempChangeSet, DeployStatusApiResult updateStatusObj) in /tmp/KuduLite/Kudu.Core/Deployment/FetchDeploymentManager.cs:line 230" /><!-- duration: 5ms -->
    </step><!-- duration: 6913ms -->
