<step title="BackgroundTrace" date="2025-10-22T20:11:02.866" instance="e3848c" url="/api/publish" method="POST" >
  <step title="Creating temporary deployment - FetchDeploymentManager" date="2025-10-22T20:11:02.941" /><!-- duration: 2ms -->
  <step title="Creating temporary deployment" date="2025-10-22T20:11:02.947" /><!-- duration: 48ms -->
  <step title="Performing fetch based deployment" date="2025-10-22T20:11:03.045" >
    <step title="Cleaning up temp folders from previous zip deployments and extracting pushed zip file /tmp/zipdeploy/bee7bfc8-e246-4383-bfaa-786aea2188fc.zip (9.66 MB) to /tmp/zipdeploy/extracted" date="2025-10-22T20:11:04.248" >
      <step title="ChmodRecursive Process exited with total time taken in ms: 190" date="2025-10-22T20:11:04.693" /><!-- duration: 3ms -->
    </step><!-- duration: 451ms -->
    <step title="Deployment timer started" date="2025-10-22T20:11:06.707" >
      <step title="DeploymentManager.Deploy(id:354b0349-d8ca-4f72-9be1-694be43cf0cd)" date="2025-10-22T20:11:06.714" >
        <step title="Collecting changeset information" date="2025-10-22T20:11:06.727" /><!-- duration: 94ms -->
        <step title="Updating submodules" date="2025-10-22T20:11:06.825" /><!-- duration: 1125ms -->
        <step title="Determining deployment builder" date="2025-10-22T20:11:08.188" >
          <step title="Builder is OneDeployBuilder" date="2025-10-22T20:11:08.207" /><!-- duration: 8ms -->
        </step><!-- duration: 32ms -->
        <step title="PreDeployment: context.CleanOutputPath False" date="2025-10-22T20:11:08.275" >
          <step title="PreDeployment: context.OutputPath /home/site/wwwroot" date="2025-10-22T20:11:08.413" >
            <step title="Building" date="2025-10-22T20:11:08.676" >
              <step title="Executing external process" date="2025-10-22T20:11:09.370" type="process" path="starter.sh" arguments="/opt/Kudu/Scripts/parallel_rsync.sh /tmp/zipdeploy/extracted /home/site/wwwroot 8 /tmp/ False False  " /><!-- duration: 3359ms -->
              <step title="Modified file to trigger a restart of the app container." date="2025-10-22T20:11:13.115" /><!-- duration: 4ms -->
              <step title="Skip function trigger and logicapp sync because function is not enabled." date="2025-10-22T20:11:13.124" /><!-- duration: 2ms -->
              <step title="Purge deployment items" date="2025-10-22T20:11:13.702" >
                <step title="Remove 3943ae16-, Failed, received at 10/21/2025 21:07:03" date="2025-10-22T20:11:13.766" /><!-- duration: 7ms -->
              </step><!-- duration: 74ms -->
            </step><!-- duration: 5155ms -->
          </step><!-- duration: 5430ms -->
          <step title="Cleaning up temp files" date="2025-10-22T20:11:13.847" /><!-- duration: 5ms -->
          <step title="Cleaning up temp files" date="2025-10-22T20:11:13.857" /><!-- duration: 509ms -->
          <step title="Reloading status file with latest updates" date="2025-10-22T20:11:14.407" >
            <step title="WebHooksManager.PublishEventAsync: PostDeployment" date="2025-10-22T20:11:14.411" /><!-- duration: 33ms -->
          </step><!-- duration: 43ms -->
          <step title="Cleaning up temporary deployment - fetch deployment was successful" date="2025-10-22T20:11:14.456" /><!-- duration: 4ms -->
        </step><!-- duration: 6251ms -->
      </step><!-- duration: 7829ms -->
