<step title="BackgroundTrace" date="2025-10-21T20:30:48.114" instance="cbe9e9" url="/api/zipdeploy" method="POST" >
  <step title="Creating temporary deployment - FetchDeploymentManager" date="2025-10-21T20:30:48.156" /><!-- duration: 3ms -->
  <step title="Creating temporary deployment" date="2025-10-21T20:30:48.165" /><!-- duration: 49ms -->
  <step title="Performing fetch based deployment" date="2025-10-21T20:30:48.247" >
    <step title="Cleaning up temp folders from previous zip deployments and extracting pushed zip file /tmp/zipdeploy/b5042e14-4511-45a7-ba58-35c4c7efb78d.zip (8.68 MB) to /tmp/zipdeploy/extracted" date="2025-10-21T20:30:49.400" >
      <step title="ChmodRecursive Process exited with total time taken in ms: 29" date="2025-10-21T20:30:49.597" /><!-- duration: 3ms -->
    </step><!-- duration: 207ms -->
    <step title="Deployment timer started" date="2025-10-21T20:30:51.615" >
      <step title="DeploymentManager.Deploy(id:e7a7872e-8a51-4c26-8aed-47357a59b340)" date="2025-10-21T20:30:51.621" >
        <step title="Collecting changeset information" date="2025-10-21T20:30:51.634" /><!-- duration: 74ms -->
        <step title="Updating submodules" date="2025-10-21T20:30:51.713" /><!-- duration: 1096ms -->
        <step title="Determining deployment builder" date="2025-10-21T20:30:52.998" >
          <step title="Builder is BasicBuilder" date="2025-10-21T20:30:53.011" /><!-- duration: 3ms -->
        </step><!-- duration: 19ms -->
        <step title="PreDeployment: context.CleanOutputPath False" date="2025-10-21T20:30:53.066" >
          <step title="PreDeployment: context.OutputPath /home/site/wwwroot" date="2025-10-21T20:30:53.171" >
            <step title="Building" date="2025-10-21T20:30:53.285" >
              <step title="Executing external process" date="2025-10-21T20:30:53.535" type="process" path="starter.sh" arguments="/opt/Kudu/Scripts/parallel_rsync.sh /tmp/zipdeploy/extracted /home/site/wwwroot 8 /tmp/ False True  " >
                <step title="Process dump" date="2025-10-21T20:30:57.318" exitCode="123" type="processOutput" /><!-- duration: 10ms -->
              </step><!-- duration: 3797ms -->
              <step title="Error occurred" date="2025-10-21T20:30:57.344" type="error" text="rsync: [receiver] open &quot;/home/site/wwwroot/runtimes\win-x64\native\msvcp140.dll&quot; failed: Invalid argument (22)
rsync: [receiver] open &quot;/home/site/wwwroot/runtimes\win\lib\net6.0\System.Security.Cryptography.ProtectedData.dll&quot; failed: Invalid argument (22)
rsync: [receiver] open &quot;/home/site/wwwroot/publish\appsettings.Production.json&quot; failed: Invalid argument (22)
rsync: [receiver] open &quot;/home/site/wwwroot/publish\publish\SentimentAnalysis.runtimeconfig.json&quot; failed: Invalid argument (22)
rsync: [receiver] open &quot;/home/site/wwwroot/runtimes\win-x64\native\Microsoft.Azure.Cosmos.ServiceInterop.dll&quot; failed: Invalid argument (22)
rsync: [receiver] open &quot;/home/site/wwwroot/publish\SentimentAnalysis.deps.json&quot; failed: Invalid argument (22)
rsync: [receiver] open &quot;/home/site/wwwroot/publish\publish\SentimentAnalysis.deps.json&quot; failed: Invalid argument (22)
rsync: [receiver] open &quot;/home/site/wwwroot/publish\publish\web.config&quot; failed: Invalid argument (22)
rsync: [receiver] open &quot;/home/site/wwwroot/publish\web.config&quot; failed: Invalid argument (22)
rsync: [receiver] open &quot;/home/site/wwwroot/publish\SentimentAnalysis.runtimeconfig.json&quot; failed: Invalid argument (22)
rsync: [receiver] open &quot;/home/site/wwwroot/publish\publish\publish\SentimentAnalysis.runtimeconfig.json&quot; failed: Invalid argument (22)
rsync: [receiver] open &quot;/home/site/wwwroot/publish\publish\publish\appsettings.json&quot; failed: Invalid argument (22)
rsync: [receiver] open &quot;/home/site/wwwroot/publish\publish\appsettings.Production.json&quot; failed: Invalid argument (22)
rsync: [receiver] open &quot;/home/site/wwwroot/runtimes\win-x64\native\vcruntime140.dll&quot; failed: Invalid argument (22)
rsync: [receiver] open &quot;/home/site/wwwroot/runtimes\win\lib\net6.0\System.Drawing.Common.dll&quot; failed: Invalid argument (22)
rsync: [receiver] open &quot;/home/site/wwwroot/publish\publish\publish\SentimentAnalysis.deps.json&quot; failed: Invalid argument (22)
rsync error: some files/attrs were not transferred (see previous errors) (code 23) at main.c(1338) [sender=3.2.7]
rsync: [receiver] open &quot;/home/site/wwwroot/runtimes\win\lib\net6.0\System.Windows.Extensions.dll&quot; failed: Invalid argument (22)
rsync: [receiver] open &quot;/home/site/wwwroot/publish\appsettings.example.json&quot; failed: Invalid argument (22)
rsync: [receiver] open &quot;/home/site/wwwroot/publish\appsettings.json&quot; failed: Invalid argument (22)
rsync: [receiver] open &quot;/home/site/wwwroot/publish\publish\appsettings.json&quot; failed: Invalid argument (22)
rsync: [receiver] open &quot;/home/site/wwwroot/publish\publish\publish\appsettings.Production.json&quot; failed: Invalid argument (22)
rsync: [receiver] open &quot;/home/site/wwwroot/publish\publish\publish\appsettings.example.json&quot; failed: Invalid argument (22)
rsync: [receiver] open &quot;/home/site/wwwroot/publish\publish\publish\web.config&quot; failed: Invalid argument (22)
rsync: [receiver] open &quot;/home/site/wwwroot/publish\publish\appsettings.example.json&quot; failed: Invalid argument (22)
rsync: [receiver] open &quot;/home/site/wwwroot/runtimes\unix\lib\net6.0\System.Drawing.Common.dll&quot; failed: Invalid argument (22)
rsync: [receiver] open &quot;/home/site/wwwroot/runtimes\win-x64\native\Cosmos.CRTCompat.dll&quot; failed: Invalid argument (22)
rsync error: some files/attrs were not transferred (see previous errors) (code 23) at main.c(1338) [sender=3.2.7]
rsync: [receiver] open &quot;/home/site/wwwroot/runtimes\win-x64\native\vcruntime140_1.dll&quot; failed: Invalid argument (22)
rsync: [receiver] open &quot;/home/site/wwwroot/runtimes\win-x64\native\msvcp140.dll&quot; failed: Invalid argument (22)
rsync error: some files/attrs were not transferred (see previous errors) (code 23) at main.c(1338) [sender=3.2.7]
rsync: [receiver] open &quot;/home/site/wwwroot/runtimes\win\lib\net6.0\System.Security.Cryptography.ProtectedData.dll&quot; failed: Invalid argument (22)
rsync error: some files/attrs were not transferred (see previous errors) (code 23) at main.c(1338) [sender=3.2.7]
rsync error: some files/attrs were not transferred (see previous errors) (code 23) at main.c(1338) [sender=3.2.7]
rsync error: some files/attrs were not transferred (see previous errors) (code 23) at main.c(1338) [sender=3.2.7]
rsync: [receiver] open &quot;/home/site/wwwroot/runtimes\win\lib\net6.0\Microsoft.Win32.SystemEvents.dll&quot; failed: Invalid argument (22)
rsync: [receiver] open &quot;/home/site/wwwroot/publish\SentimentAnalysis.deps.json&quot; failed: Invalid argument (22)
rsync: [receiver] open &quot;/home/site/wwwroot/publish\publish\SentimentAnalysis.deps.json&quot; failed: Invalid argument (22)
rsync: [receiver] open &quot;/home/site/wwwroot/publish\publish\web.config&quot; failed: Invalid argument (22)
rsync: [receiver] open &quot;/home/site/wwwroot/publish\web.config&quot; failed: Invalid argument (22)
rsync: [receiver] open &quot;/home/site/wwwroot/publish\SentimentAnalysis.runtimeconfig.json&quot; failed: Invalid argument (22)
rsync: [receiver] open &quot;/home/site/wwwroot/publish\publish\publish\SentimentAnalysis.runtimeconfig.json&quot; failed: Invalid argument (22)
rsync: [receiver] open &quot;/home/site/wwwroot/publish\publish\publish\appsettings.json&quot; failed: Invalid argument (22)
rsync error: some files/attrs were not transferred (see previous errors) (code 23) at main.c(1338) [sender=3.2.7]
rsync error: some files/attrs were not transferred (see previous errors) (code 23) at main.c(1338) [sender=3.2.7]
rsync: [receiver] open &quot;/home/site/wwwroot/publish\appsettings.example.json&quot; failed: Invalid argument (22)
rsync: [receiver] open &quot;/home/site/wwwroot/publish\appsettings.json&quot; failed: Invalid argument (22)
rsync: [receiver] open &quot;/home/site/wwwroot/publish\publish\appsettings.json&quot; failed: Invalid argument (22)
rsync: [receiver] open &quot;/home/site/wwwroot/publish\publish\publish\appsettings.Production.json&quot; failed: Invalid argument (22)
rsync: [receiver] open &quot;/home/site/wwwroot/publish\publish\publish\appsettings.example.json&quot; failed: Invalid argument (22)
rsync: [receiver] open &quot;/home/site/wwwroot/publish\publish\publish\web.config&quot; failed: Invalid argument (22)
rsync: [receiver] open &quot;/home/site/wwwroot/publish\publish\publish\SentimentAnalysis.deps.json&quot; failed: Invalid argument (22)
rsync: [receiver] open &quot;/home/site/wwwroot/publish\publish\appsettings.Production.json&quot; failed: Invalid argument (22)
rsync: [receiver] open &quot;/home/site/wwwroot/runtimes\win-x64\native\vcruntime140.dll&quot; failed: Invalid argument (22)
rsync: [receiver] open &quot;/home/site/wwwroot/runtimes\win\lib\net6.0\System.Drawing.Common.dll&quot; failed: Invalid argument (22)
rsync: [receiver] open &quot;/home/site/wwwroot/runtimes\win\lib\net6.0\System.Windows.Extensions.dll&quot; failed: Invalid argument (22)
rsync: [receiver] open &quot;/home/site/wwwroot/publish\publish\appsettings.example.json&quot; failed: Invalid argument (22)
rsync: [receiver] open &quot;/home/site/wwwroot/runtimes\unix\lib\net6.0\System.Drawing.Common.dll&quot; failed: Invalid argument (22)
rsync: [receiver] open &quot;/home/site/wwwroot/runtimes\win-x64\native\Cosmos.CRTCompat.dll&quot; failed: Invalid argument (22)
rsync: [receiver] open &quot;/home/site/wwwroot/runtimes\win-x64\native\vcruntime140_1.dll&quot; failed: Invalid argument (22)
rsync error: some files/attrs were not transferred (see previous errors) (code 23) at main.c(1338) [sender=3.2.7]
rsync error: some files/attrs were not transferred (see previous errors) (code 23) at main.c(1338) [sender=3.2.7]
rsync error: some files/attrs were not transferred (see previous errors) (code 23) at main.c(1338) [sender=3.2.7]
rsync: [receiver] open &quot;/home/site/wwwroot/publish\appsettings.Production.json&quot; failed: Invalid argument (22)
rsync: [receiver] open &quot;/home/site/wwwroot/publish\publish\SentimentAnalysis.runtimeconfig.json&quot; failed: Invalid argument (22)
rsync: [receiver] open &quot;/home/site/wwwroot/runtimes\win-x64\native\Microsoft.Azure.Cosmos.ServiceInterop.dll&quot; failed: Invalid argument (22)
rsync error: some files/attrs were not transferred (see previous errors) (code 23) at main.c(1338) [sender=3.2.7]
rsync error: some files/attrs were not transferred (see previous errors) (code 23) at main.c(1338) [sender=3.2.7]
rsync error: some files/attrs were not transferred (see previous errors) (code 23) at main.c(1338) [sender=3.2.7]
rsync error: some files/attrs were not transferred (see previous errors) (code 23) at main.c(1338) [sender=3.2.7]
rsync: [receiver] open &quot;/home/site/wwwroot/runtimes\win\lib\net6.0\Microsoft.Win32.SystemEvents.dll&quot; failed: Invalid argument (22)
rsync error: some files/attrs were not transferred (see previous errors) (code 23) at main.c(1338) [sender=3.2.7]
/opt/Kudu/Scripts/starter.sh /opt/Kudu/Scripts/parallel_rsync.sh /tmp/zipdeploy/extracted /home/site/wwwroot 8 /tmp/ False True  " stackTrace="   at Kudu.Core.Infrastructure.Executable.ExecuteInternal(ITracer tracer, Func`2 onWriteOutput, Func`2 onWriteError, CancellationToken token, Encoding encoding, String arguments, Object[] args) in /tmp/KuduLite/Kudu.Core/Infrastructure/Executable.cs:line 239
   at Kudu.Core.Infrastructure.Executable.ExecuteWithProgressWriter(ILogger logger, ITracer tracer, CancellationToken token, String arguments, Object[] args) in /tmp/KuduLite/Kudu.Core/Infrastructure/Executable.cs:line 118
   at Kudu.Core.Deployment.Generator.ExternalCommandBuilder.RunCommand(DeploymentContext context, String command, Boolean ignoreManifest, CancellationToken token, String message) in /tmp/KuduLite/Kudu.Core/Deployment/Generator/ExternalCommandBuilder.cs:line 122" /><!-- duration: 6ms -->
              <step title="Warning" date="2025-10-21T20:30:57.354" type="warning" text="Exception in parallel rsync: ExitCode: 123, Output: Run rsync from: /tmp/zipdeploy/extracted/ to: /home/site/wwwroot/ in 8 parallel threads
Delete options: clean=False, use manifest=True, directory to ignore=
Prev manifest = /opt/Kudu/Scripts/firstDeploymentManifest and next /home/site/deployments/e7a7872e-8a51-4c26-8aed-47357a59b340/manifest
Cleaning up /tmp//filelist.txt and /tmp//splits
Creating a list of all files at /tmp//filelist.txt
No directory to exclude.
Created /tmp//filelist.txt. Total number of files to be synced = 61.
Created batches from the list of files. Processing 8 files in each thread
Running rsync for filelist /tmp//splits/split.aa from /tmp/zipdeploy/extracted/ to /home/site/wwwroot/
Running rsync for filelist /tmp//splits/split.ab from /tmp/zipdeploy/extracted/ to /home/site/wwwroot/
Running rsync for filelist /tmp//splits/split.ac from /tmp/zipdeploy/extracted/ to /home/site/wwwroot/
Running rsync for filelist /tmp//splits/split.ad from /tmp/zipdeploy/extracted/ to /home/site/wwwroot/
Running rsync for filelist /tmp//splits/split.ae from /tmp/zipdeploy/extracted/ to /home/site/wwwroot/
Running rsync for filelist /tmp//splits/split.af from /tmp/zipdeploy/extracted/ to /home/site/wwwroot/
Running rsync for filelist /tmp//splits/split.ag from /tmp/zipdeploy/extracted/ to /home/site/wwwroot/
Running rsync for filelist /tmp//splits/split.ah from /tmp/zipdeploy/extracted/ to /home/site/wwwroot/

Number of files: 8 (reg: 8)
Number of created files: 2 (reg: 2)
Number of deleted files: 0
Number of regular files transferred: 2
Total file size: 1.48M bytes
Total transferred file size: 603.64K bytes
Literal data: 603.64K bytes
Matched data: 0 bytes
File list size: 0
File list generation time: 0.002 seconds
File list transfer time: 0.000 seconds
Total bytes sent: 194.95K
Total bytes received: 72

sent 194.95K bytes  received 72 bytes  390.04K bytes/sec
total size is 1.48M  speedup is 7.58
Attempt 1: Rsync for filelist /tmp//splits/split.ab completed with exit code 23

Number of files: 8 (reg: 8)
Number of created files: 4 (reg: 4)
Number of deleted files: 0
Number of regular files transferred: 4
Total file size: 784.80K bytes
Total transferred file size: 198.96K bytes
Literal data: 198.96K bytes
Matched data: 0 bytes
File list size: 0
File list generation time: 0.001 seconds
File list transfer time: 0.000 seconds
Total bytes sent: 17.78K
Total bytes received: 104

sent 17.78K bytes  received 104 bytes  35.76K bytes/sec
total size is 784.80K  speedup is 43.89
Attempt 1: Rsync for filelist /tmp//splits/split.ad completed with exit code 23

Number of files: 8 (reg: 8)
Number of created files: 3 (reg: 3)
Number of deleted files: 0
Number of regular files transferred: 4
Total file size: 193.42K bytes
Total transferred file size: 2.37K bytes
Literal data: 2.37K bytes
Matched data: 0 bytes
File list size: 0
File list generation time: 0.002 seconds
File list transfer time: 0.000 seconds
Total bytes sent: 1.79K
Total bytes received: 104

sent 1.79K bytes  received 104 bytes  3.79K bytes/sec
total size is 193.42K  speedup is 102.12
Attempt 1: Rsync for filelist /tmp//splits/split.aa completed with exit code 23

Number of files: 5 (reg: 5)
Number of created files: 1 (reg: 1)
Number of deleted files: 0
Number of regular files transferred: 1
Total file size: 2.25M bytes
Total transferred file size: 99.00K bytes
Literal data: 99.00K bytes
Matched data: 0 bytes
File list size: 0
File list generation time: 0.001 seconds
File list transfer time: 0.000 seconds
Total bytes sent: 17.26K
Total bytes received: 47

sent 17.26K bytes  received 47 bytes  34.61K bytes/sec
total size is 2.25M  speedup is 129.74

Number of files: 8 (reg: 8)
Number of created files: 4 (reg: 4)
Number of deleted files: 0
Number of regular files transferred: 4
Total file size: 1.03M bytes
Total transferred file size: 597.51K bytes
Literal data: 597.51K bytes
Matched data: 0 bytes
File list size: 0
File list generation time: 0.001 seconds
File list transfer time: 0.000 seconds
Total bytes sent: 254.26K
Total bytes received: 104

sent 254.26K bytes  received 104 bytes  508.73K bytes/sec
total size is 1.03M  speedup is 4.06
Attempt 1: Rsync for filelist /tmp//splits/split.ah completed with exit code 23
Attempt 1: Rsync for filelist /tmp//splits/split.ag completed with exit code 23

Number of files: 8 (reg: 8)
Number of created files: 6 (reg: 6)
Number of deleted files: 0
Number of regular files transferred: 6
Total file size: 292.78K bytes
Total transferred file size: 4.13K bytes
Literal data: 4.13K bytes
Matched data: 0 bytes
File list size: 0
File list generation time: 0.001 seconds
File list transfer time: 0.000 seconds
Total bytes sent: 1.82K
Total bytes received: 136

sent 1.82K bytes  received 136 bytes  3.92K bytes/sec
total size is 292.78K  speedup is 149.53
Attempt 1: Rsync for filelist /tmp//splits/split.af completed with exit code 23

Number of files: 8 (reg: 8)
Number of created files: 4 (reg: 4)
Number of deleted files: 0
Number of regular files transferred: 4
Total file size: 4.94M bytes
Total transferred file size: 581.94K bytes
Literal data: 581.94K bytes
Matched data: 0 bytes
File list size: 0
File list generation time: 0.010 seconds
File list transfer time: 0.000 seconds
Total bytes sent: 245.73K
Total bytes received: 104

sent 245.73K bytes  received 104 bytes  491.66K bytes/sec
total size is 4.94M  speedup is 20.08
Attempt 1: Rsync for filelist /tmp//splits/split.ae completed with exit code 23

Number of files: 8 (reg: 8)
Number of created files: 2 (reg: 2)
Number of deleted files: 0
Number of regular files transferred: 2
Total file size: 1.48M bytes
Total transferred file size: 603.64K bytes
Literal data: 603.64K bytes
Matched data: 0 bytes
File list size: 0
File list generation time: 0.007 seconds
File list transfer time: 0.000 seconds
Total bytes sent: 194.95K
Total bytes received: 72

sent 194.95K bytes  received 72 bytes  390.04K bytes/sec
total size is 1.48M  speedup is 7.58
Attempt 2: Rsync for filelist /tmp//splits/split.ab completed with exit code 23

Number of files: 8 (reg: 8)
Number of created files: 4 (reg: 4)
Number of deleted files: 0
Number of regular files transferred: 4
Total file size: 784.80K bytes
Total transferred file size: 198.96K bytes
Literal data: 198.96K bytes
Matched data: 0 bytes
File list size: 0
File list generation time: 0.001 seconds
File list transfer time: 0.000 seconds
Total bytes sent: 17.77K
Total bytes received: 104

sent 17.77K bytes  received 104 bytes  35.75K bytes/sec
total size is 784.80K  speedup is 43.90
Attempt 2: Rsync for filelist /tmp//splits/split.ad completed with exit code 23

Number of files: 8 (reg: 8)
Number of created files: 4 (reg: 4)
Number of deleted files: 0
Number of regular files transferred: 4
Total file size: 17.24M bytes
Total transferred file size: 8.37M bytes
Literal data: 8.37M bytes
Matched data: 0 bytes
File list size: 0
File list generation time: 0.014 seconds
File list transfer time: 0.000 seconds
Total bytes sent: 2.37M
Total bytes received: 104

sent 2.37M bytes  received 104 bytes  4.74M bytes/sec
total size is 17.24M  speedup is 7.28
Attempt 1: Rsync for filelist /tmp//splits/split.ac completed with exit code 23

Number of files: 8 (reg: 8)
Number of created files: 3 (reg: 3)
Number of deleted files: 0
Number of regular files transferred: 3
Total file size: 193.42K bytes
Total transferred file size: 1.89K bytes
Literal data: 1.89K bytes
Matched data: 0 bytes
File list size: 0
File list generation time: 0.001 seconds
File list transfer time: 0.000 seconds
Total bytes sent: 1.44K
Total bytes received: 88

sent 1.44K bytes  received 88 bytes  1.02K bytes/sec
total size is 193.42K  speedup is 126.75
Attempt 2: Rsync for filelist /tmp//splits/split.aa completed with exit code 23

Number of files: 8 (reg: 8)
Number of created files: 6 (reg: 6)
Number of deleted files: 0
Number of regular files transferred: 6
Total file size: 292.78K bytes
Total transferred file size: 4.13K bytes
Literal data: 4.13K bytes
Matched data: 0 bytes
File list size: 0
File list generation time: 0.002 seconds
File list transfer time: 0.000 seconds
Total bytes sent: 1.82K
Total bytes received: 136

sent 1.82K bytes  received 136 bytes  1.30K bytes/sec
total size is 292.78K  speedup is 149.53
Attempt 2: Rsync for filelist /tmp//splits/split.af completed with exit code 23

Number of files: 5 (reg: 5)
Number of created files: 1 (reg: 1)
Number of deleted files: 0
Number of regular files transferred: 1
Total file size: 2.25M bytes
Total transferred file size: 99.00K bytes
Literal data: 99.00K bytes
Matched data: 0 bytes
File list size: 0
File list generation time: 0.012 seconds
File list transfer time: 0.000 seconds
Total bytes sent: 17.26K
Total bytes received: 47

sent 17.26K bytes  received 47 bytes  11.54K bytes/sec
total size is 2.25M  speedup is 129.77
Attempt 2: Rsync for filelist /tmp//splits/split.ah completed with exit code 23

Number of files: 8 (reg: 8)
Number of created files: 4 (reg: 4)
Number of deleted files: 0
Number of regular files transferred: 4
Total file size: 1.03M bytes
Total transferred file size: 597.51K bytes
Literal data: 597.51K bytes
Matched data: 0 bytes
File list size: 0
File list generation time: 0.003 seconds
File list transfer time: 0.000 seconds
Total bytes sent: 254.26K
Total bytes received: 104

sent 254.26K bytes  received 104 bytes  169.57K bytes/sec
total size is 1.03M  speedup is 4.06
Attempt 2: Rsync for filelist /tmp//splits/split.ag completed with exit code 23

Number of files: 8 (reg: 8)
Number of created files: 4 (reg: 4)
Number of deleted files: 0
Number of regular files transferred: 4
Total file size: 4.94M bytes
Total transferred file size: 581.94K bytes
Literal data: 581.94K bytes
Matched data: 0 bytes
File list size: 0
File list generation time: 0.004 seconds
File list transfer time: 0.000 seconds
Total bytes sent: 245.73K
Total bytes received: 104

sent 245.73K bytes  received 104 bytes  491.66K bytes/sec
total size is 4.94M  speedup is 20.08
Attempt 2: Rsync for filelist /tmp//splits/split.ae completed with exit code 23

Number of files: 8 (reg: 8)
Number of created files: 4 (reg: 4)
Number of deleted files: 0
Number of regular files transferred: 4
Total file size: 17.24M bytes
Total transferred file size: 8.37M bytes
Literal data: 8.37M bytes
Matched data: 0 bytes
File list size: 0
File list generation time: 0.001 seconds
File list transfer time: 0.000 seconds
Total bytes sent: 2.37M
Total bytes received: 104

sent 2.37M bytes  received 104 bytes  4.74M bytes/sec
total size is 17.24M  speedup is 7.28
Attempt 2: Rsync for filelist /tmp//splits/split.ac completed with exit code 23
An error has occurred during web site deployment.
Rsync failed in 1 seconds, Error: rsync: [receiver] open &quot;/home/site/wwwroot/runtimes\win-x64\native\msvcp140.dll&quot; failed: Invalid argument (22)
rsync: [receiver] open &quot;/home/site/wwwroot/runtimes\win\lib\net6.0\System.Security.Cryptography.ProtectedData.dll&quot; failed: Invalid argument (22)
rsync: [receiver] open &quot;/home/site/wwwroot/publish\appsettings.Production.json&quot; failed: Invalid argument (22)
rsync: [receiver] open &quot;/home/site/wwwroot/publish\publish\SentimentAnalysis.runtimeconfig.json&quot; failed: Invalid argument (22)
rsync: [receiver] open &quot;/home/site/wwwroot/runtimes\win-x64\native\Microsoft.Azure.Cosmos.ServiceInterop.dll&quot; failed: Invalid argument (22)
rsync: [receiver] open &quot;/home/site/wwwroot/publish\SentimentAnalysis.deps.json&quot; failed: Invalid argument (22)
rsync: [receiver] open &quot;/home/site/wwwroot/publish\publish\SentimentAnalysis.deps.json&quot; failed: Invalid argument (22)
rsync: [receiver] open &quot;/home/site/wwwroot/publish\publish\web.config&quot; failed: Invalid argument (22)
rsync: [receiver] open &quot;/home/site/wwwroot/publish\web.config&quot; failed: Invalid argument (22)
rsync: [receiver] open &quot;/home/site/wwwroot/publish\SentimentAnalysis.runtimeconfig.json&quot; failed: Invalid argument (22)
rsync: [receiver] open &quot;/home/site/wwwroot/publish\publish\publish\SentimentAnalysis.runtimeconfig.json&quot; failed: Invalid argument (22)
rsync: [receiver] open &quot;/home/site/wwwroot/publish\publish\publish\appsettings.json&quot; failed: Invalid argument (22)
rsync: [receiver] open &quot;/home/site/wwwroot/publish\publish\appsettings.Production.json&quot; failed: Invalid argument (22)
rsync: [receiver] open &quot;/home/site/wwwroot/runtimes\win-x64\native\vcruntime140.dll&quot; failed: Invalid argument (22)
rsync: [receiver] open &quot;/home/site/wwwroot/runtimes\win\lib\net6.0\System.Drawing.Common.dll&quot; failed: Invalid argument (22)
rsync: [receiver] open &quot;/home/site/wwwroot/publish\publish\publish\SentimentAnalysis.deps.json&quot; failed: Invalid argument (22)
rsync error: some files/attrs were not transferred (see previous errors) (code 23) at main.c(1338) [sender=3.2.7]
rsync: [receiver] open &quot;/home/site/wwwroot/runtimes\win\lib\net6.0\System.Windows.Extensions.dll&quot; failed: Invalid argument (22)
rsync: [receiver] open &quot;/home/site/wwwroot/publish\appsettings.example.json&quot; failed: Invalid argument (22)
rsync: [receiver] open &quot;/home/site/wwwroot/publish\appsettings.json&quot; failed: Invalid argument (22)
rsync: [receiver] open &quot;/home/site/wwwroot/publish\publish\appsettings.json&quot; failed: Invalid argument (22)
rsync: [receiver] open &quot;/home/site/wwwroot/publish\publish\publish\appsettings.Production.json&quot; failed: Invalid argument (22)
rsync: [receiver] open &quot;/home/site/wwwroot/publish\publish\publish\appsettings.example.json&quot; failed: Invalid argument (22)
rsync: [receiver] open &quot;/home/site/wwwroot/publish\publish\publish\web.config&quot; failed: Invalid argument (22)
rsync: [receiver] open &quot;/home/site/wwwroot/publish\publish\appsettings.example.json&quot; failed: Invalid argument (22)
rsync: [receiver] open &quot;/home/site/wwwroot/runtimes\unix\lib\net6.0\System.Drawing.Common.dll&quot; failed: Invalid argument (22)
rsync: [receiver] open &quot;/home/site/wwwroot/runtimes\win-x64\native\Cosmos.CRTCompat.dll&quot; failed: Invalid argument (22)
rsync error: some files/attrs were not transferred (see previous errors) (code 23) at main.c(1338) [sender=3.2.7]
rsync: [receiver] open &quot;/home/site/wwwroot/runtimes\win-x64\native\vcruntime140_1.dll&quot; failed: Invalid argument (22)
rsync: [receiver] open &quot;/home/site/wwwroot/runtimes\win-x64\native\msvcp140.dll&quot; failed: Invalid argument (22)
rsync error: some files/attrs were not transferred (see previous errors) (code 23) at main.c(1338) [sender=3.2.7]
rsync: [receiver] open &quot;/home/site/wwwroot/runtimes\win\lib\net6.0\System.Security.Cryptography.ProtectedData.dll&quot; failed: Invalid argument (22)
rsync error: some files/attrs were not transferred (see previous errors) (code 23) at main.c(1338) [sender=3.2.7]
rsync error: some files/attrs were not transferred (see previous errors) (code 23) at main.c(1338) [sender=3.2.7]
rsync error: some files/attrs were not transferred (see previous errors) (code 23) at main.c(1338) [sender=3.2.7]
rsync: [receiver] open &quot;/home/site/wwwroot/runtimes\win\lib\net6.0\Microsoft.Win32.SystemEvents.dll&quot; failed: Invalid argument (22)
rsync: [receiver] open &quot;/home/site/wwwroot/publish\SentimentAnalysis.deps.json&quot; failed: Invalid argument (22)
rsync: [receiver] open &quot;/home/site/wwwroot/publish\publish\SentimentAnalysis.deps.json&quot; failed: Invalid argument (22)
rsync: [receiver] open &quot;/home/site/wwwroot/publish\publish\web.config&quot; failed: Invalid argument (22)
rsync: [receiver] open &quot;/home/site/wwwroot/publish\web.config&quot; failed: Invalid argument (22)
rsync: [receiver] open &quot;/home/site/wwwroot/publish\SentimentAnalysis.runtimeconfig.json&quot; failed: Invalid argument (22)
rsync: [receiver] open &quot;/home/site/wwwroot/publish\publish\publish\SentimentAnalysis.runtimeconfig.json&quot; failed: Invalid argument (22)
rsync: [receiver] open &quot;/home/site/wwwroot/publish\publish\publish\appsettings.json&quot; failed: Invalid argument (22)
rsync error: some files/attrs were not transferred (see previous errors) (code 23) at main.c(1338) [sender=3.2.7]
rsync error: some files/attrs were not transferred (see previous errors) (code 23) at main.c(1338) [sender=3.2.7]
rsync: [receiver] open &quot;/home/site/wwwroot/publish\appsettings.example.json&quot; failed: Invalid argument (22)
rsync: [receiver] open &quot;/home/site/wwwroot/publish\appsettings.json&quot; failed: Invalid argument (22)
rsync: [receiver] open &quot;/home/site/wwwroot/publish\publish\appsettings.json&quot; failed: Invalid argument (22)
rsync: [receiver] open &quot;/home/site/wwwroot/publish\publish\publish\appsettings.Production.json&quot; failed: Invalid argument (22)
rsync: [receiver] open &quot;/home/site/wwwroot/publish\publish\publish\appsettings.example.json&quot; failed: Invalid argument (22)
rsync: [receiver] open &quot;/home/site/wwwroot/publish\publish\publish\web.config&quot; failed: Invalid argument (22)
rsync: [receiver] open &quot;/home/site/wwwroot/publish\publish\publish\SentimentAnalysis.deps.json&quot; failed: Invalid argument (22)
rsync: [receiver] open &quot;/home/site/wwwroot/publish\publish\appsettings.Production.json&quot; failed: Invalid argument (22)
rsync: [receiver] open &quot;/home/site/wwwroot/runtimes\win-x64\native\vcruntime140.dll&quot; failed: Invalid argument (22)
rsync: [receiver] open &quot;/home/site/wwwroot/runtimes\win\lib\net6.0\System.Drawing.Common.dll&quot; failed: Invalid argument (22)
rsync: [receiver] open &quot;/home/site/wwwroot/runtimes\win\lib\net6.0\System.Windows.Extensions.dll&quot; failed: Invalid argument (22)
rsync: [receiver] open &quot;/home/site/wwwroot/publish\publish\appsettings.example.json&quot; failed: Invalid argument (22)
rsync: [receiver] open &quot;/home/site/wwwroot/runtimes\unix\lib\net6.0\System.Drawing.Common.dll&quot; failed: Invalid argument (22)
rsync: [receiver] open &quot;/home/site/wwwroot/runtimes\win-x64\native\Cosmos.CRTCompat.dll&quot; failed: Invalid argument (22)
rsync: [receiver] open &quot;/home/site/wwwroot/runtimes\win-x64\native\vcruntime140_1.dll&quot; failed: Invalid argument (22)
rsync error: some files/attrs were not transferred (see previous errors) (code 23) at main.c(1338) [sender=3.2.7]
rsync error: some files/attrs were not transferred (see previous errors) (code 23) at main.c(1338) [sender=3.2.7]
rsync error: some files/attrs were not transferred (see previous errors) (code 23) at main.c(1338) [sender=3.2.7]
rsync: [receiver] open &quot;/home/site/wwwroot/publish\appsettings.Production.json&quot; failed: Invalid argument (22)
rsync: [receiver] open &quot;/home/site/wwwroot/publish\publish\SentimentAnalysis.runtimeconfig.json&quot; failed: Invalid argument (22)
rsync: [receiver] open &quot;/home/site/wwwroot/runtimes\win-x64\native\Microsoft.Azure.Cosmos.ServiceInterop.dll&quot; failed: Invalid argument (22)
rsync error: some files/attrs were not transferred (see previous errors) (code 23) at main.c(1338) [sender=3.2.7]
rsync error: some files/attrs were not transferred (see previous errors) (code 23) at main.c(1338) [sender=3.2.7]
rsync error: some files/attrs were not transferred (see previous errors) (code 23) at main.c(1338) [sender=3.2.7]
rsync error: some files/attrs were not transferred (see previous errors) (code 23) at main.c(1338) [sender=3.2.7]
rsync: [receiver] open &quot;/home/site/wwwroot/runtimes\win\lib\net6.0\Microsoft.Win32.SystemEvents.dll&quot; failed: Invalid argument (22)
rsync error: some files/attrs were not transferred (see previous errors) (code 23) at main.c(1338) [sender=3.2.7], Kudu.Core.Infrastructure.CommandLineException: rsync: [receiver] open &quot;/home/site/wwwroot/runtimes\win-x64\native\msvcp140.dll&quot; failed: Invalid argument (22)
rsync: [receiver] open &quot;/home/site/wwwroot/runtimes\win\lib\net6.0\System.Security.Cryptography.ProtectedData.dll&quot; failed: Invalid argument (22)
rsync: [receiver] open &quot;/home/site/wwwroot/publish\appsettings.Production.json&quot; failed: Invalid argument (22)
rsync: [receiver] open &quot;/home/site/wwwroot/publish\publish\SentimentAnalysis.runtimeconfig.json&quot; failed: Invalid argument (22)
rsync: [receiver] open &quot;/home/site/wwwroot/runtimes\win-x64\native\Microsoft.Azure.Cosmos.ServiceInterop.dll&quot; failed: Invalid argument (22)
rsync: [receiver] open &quot;/home/site/wwwroot/publish\SentimentAnalysis.deps.json&quot; failed: Invalid argument (22)
rsync: [receiver] open &quot;/home/site/wwwroot/publish\publish\SentimentAnalysis.deps.json&quot; failed: Invalid argument (22)
rsync: [receiver] open &quot;/home/site/wwwroot/publish\publish\web.config&quot; failed: Invalid argument (22)
rsync: [receiver] open &quot;/home/site/wwwroot/publish\web.config&quot; failed: Invalid argument (22)
rsync: [receiver] open &quot;/home/site/wwwroot/publish\SentimentAnalysis.runtimeconfig.json&quot; failed: Invalid argument (22)
rsync: [receiver] open &quot;/home/site/wwwroot/publish\publish\publish\SentimentAnalysis.runtimeconfig.json&quot; failed: Invalid argument (22)
rsync: [receiver] open &quot;/home/site/wwwroot/publish\publish\publish\appsettings.json&quot; failed: Invalid argument (22)
rsync: [receiver] open &quot;/home/site/wwwroot/publish\publish\appsettings.Production.json&quot; failed: Invalid argument (22)
rsync: [receiver] open &quot;/home/site/wwwroot/runtimes\win-x64\native\vcruntime140.dll&quot; failed: Invalid argument (22)
rsync: [receiver] open &quot;/home/site/wwwroot/runtimes\win\lib\net6.0\System.Drawing.Common.dll&quot; failed: Invalid argument (22)
rsync: [receiver] open &quot;/home/site/wwwroot/publish\publish\publish\SentimentAnalysis.deps.json&quot; failed: Invalid argument (22)
rsync error: some files/attrs were not transferred (see previous errors) (code 23) at main.c(1338) [sender=3.2.7]
rsync: [receiver] open &quot;/home/site/wwwroot/runtimes\win\lib\net6.0\System.Windows.Extensions.dll&quot; failed: Invalid argument (22)
rsync: [receiver] open &quot;/home/site/wwwroot/publish\appsettings.example.json&quot; failed: Invalid argument (22)
rsync: [receiver] open &quot;/home/site/wwwroot/publish\appsettings.json&quot; failed: Invalid argument (22)
rsync: [receiver] open &quot;/home/site/wwwroot/publish\publish\appsettings.json&quot; failed: Invalid argument (22)
rsync: [receiver] open &quot;/home/site/wwwroot/publish\publish\publish\appsettings.Production.json&quot; failed: Invalid argument (22)
rsync: [receiver] open &quot;/home/site/wwwroot/publish\publish\publish\appsettings.example.json&quot; failed: Invalid argument (22)
rsync: [receiver] open &quot;/home/site/wwwroot/publish\publish\publish\web.config&quot; failed: Invalid argument (22)
rsync: [receiver] open &quot;/home/site/wwwroot/publish\publish\appsettings.example.json&quot; failed: Invalid argument (22)
rsync: [receiver] open &quot;/home/site/wwwroot/runtimes\unix\lib\net6.0\System.Drawing.Common.dll&quot; failed: Invalid argument (22)
rsync: [receiver] open &quot;/home/site/wwwroot/runtimes\win-x64\native\Cosmos.CRTCompat.dll&quot; failed: Invalid argument (22)
rsync error: some files/attrs were not transferred (see previous errors) (code 23) at main.c(1338) [sender=3.2.7]
rsync: [receiver] open &quot;/home/site/wwwroot/runtimes\win-x64\native\vcruntime140_1.dll&quot; failed: Invalid argument (22)
rsync: [receiver] open &quot;/home/site/wwwroot/runtimes\win-x64\native\msvcp140.dll&quot; failed: Invalid argument (22)
rsync error: some files/attrs were not transferred (see previous errors) (code 23) at main.c(1338) [sender=3.2.7]
rsync: [receiver] open &quot;/home/site/wwwroot/runtimes\win\lib\net6.0\System.Security.Cryptography.ProtectedData.dll&quot; failed: Invalid argument (22)
rsync error: some files/attrs were not transferred (see previous errors) (code 23) at main.c(1338) [sender=3.2.7]
rsync error: some files/attrs were not transferred (see previous errors) (code 23) at main.c(1338) [sender=3.2.7]
rsync error: some files/attrs were not transferred (see previous errors) (code 23) at main.c(1338) [sender=3.2.7]
rsync: [receiver] open &quot;/home/site/wwwroot/runtimes\win\lib\net6.0\Microsoft.Win32.SystemEvents.dll&quot; failed: Invalid argument (22)
rsync: [receiver] open &quot;/home/site/wwwroot/publish\SentimentAnalysis.deps.json&quot; failed: Invalid argument (22)
rsync: [receiver] open &quot;/home/site/wwwroot/publish\publish\SentimentAnalysis.deps.json&quot; failed: Invalid argument (22)
rsync: [receiver] open &quot;/home/site/wwwroot/publish\publish\web.config&quot; failed: Invalid argument (22)
rsync: [receiver] open &quot;/home/site/wwwroot/publish\web.config&quot; failed: Invalid argument (22)
rsync: [receiver] open &quot;/home/site/wwwroot/publish\SentimentAnalysis.runtimeconfig.json&quot; failed: Invalid argument (22)
rsync: [receiver] open &quot;/home/site/wwwroot/publish\publish\publish\SentimentAnalysis.runtimeconfig.json&quot; failed: Invalid argument (22)
rsync: [receiver] open &quot;/home/site/wwwroot/publish\publish\publish\appsettings.json&quot; failed: Invalid argument (22)
rsync error: some files/attrs were not transferred (see previous errors) (code 23) at main.c(1338) [sender=3.2.7]
rsync error: some files/attrs were not transferred (see previous errors) (code 23) at main.c(1338) [sender=3.2.7]
rsync: [receiver] open &quot;/home/site/wwwroot/publish\appsettings.example.json&quot; failed: Invalid argument (22)
rsync: [receiver] open &quot;/home/site/wwwroot/publish\appsettings.json&quot; failed: Invalid argument (22)
rsync: [receiver] open &quot;/home/site/wwwroot/publish\publish\appsettings.json&quot; failed: Invalid argument (22)
rsync: [receiver] open &quot;/home/site/wwwroot/publish\publish\publish\appsettings.Production.json&quot; failed: Invalid argument (22)
rsync: [receiver] open &quot;/home/site/wwwroot/publish\publish\publish\appsettings.example.json&quot; failed: Invalid argument (22)
rsync: [receiver] open &quot;/home/site/wwwroot/publish\publish\publish\web.config&quot; failed: Invalid argument (22)
rsync: [receiver] open &quot;/home/site/wwwroot/publish\publish\publish\SentimentAnalysis.deps.json&quot; failed: Invalid argument (22)
rsync: [receiver] open &quot;/home/site/wwwroot/publish\publish\appsettings.Production.json&quot; failed: Invalid argument (22)
rsync: [receiver] open &quot;/home/site/wwwroot/runtimes\win-x64\native\vcruntime140.dll&quot; failed: Invalid argument (22)
rsync: [receiver] open &quot;/home/site/wwwroot/runtimes\win\lib\net6.0\System.Drawing.Common.dll&quot; failed: Invalid argument (22)
rsync: [receiver] open &quot;/home/site/wwwroot/runtimes\win\lib\net6.0\System.Windows.Extensions.dll&quot; failed: Invalid argument (22)
rsync: [receiver] open &quot;/home/site/wwwroot/publish\publish\appsettings.example.json&quot; failed: Invalid argument (22)
rsync: [receiver] open &quot;/home/site/wwwroot/runtimes\unix\lib\net6.0\System.Drawing.Common.dll&quot; failed: Invalid argument (22)
rsync: [receiver] open &quot;/home/site/wwwroot/runtimes\win-x64\native\Cosmos.CRTCompat.dll&quot; failed: Invalid argument (22)
rsync: [receiver] open &quot;/home/site/wwwroot/runtimes\win-x64\native\vcruntime140_1.dll&quot; failed: Invalid argument (22)
rsync error: some files/attrs were not transferred (see previous errors) (code 23) at main.c(1338) [sender=3.2.7]
rsync error: some files/attrs were not transferred (see previous errors) (code 23) at main.c(1338) [sender=3.2.7]
rsync error: some files/attrs were not transferred (see previous errors) (code 23) at main.c(1338) [sender=3.2.7]
rsync: [receiver] open &quot;/home/site/wwwroot/publish\appsettings.Production.json&quot; failed: Invalid argument (22)
rsync: [receiver] open &quot;/home/site/wwwroot/publish\publish\SentimentAnalysis.runtimeconfig.json&quot; failed: Invalid argument (22)
rsync: [receiver] open &quot;/home/site/wwwroot/runtimes\win-x64\native\Microsoft.Azure.Cosmos.ServiceInterop.dll&quot; failed: Invalid argument (22)
rsync error: some files/attrs were not transferred (see previous errors) (code 23) at main.c(1338) [sender=3.2.7]
rsync error: some files/attrs were not transferred (see previous errors) (code 23) at main.c(1338) [sender=3.2.7]
rsync error: some files/attrs were not transferred (see previous errors) (code 23) at main.c(1338) [sender=3.2.7]
rsync error: some files/attrs were not transferred (see previous errors) (code 23) at main.c(1338) [sender=3.2.7]
rsync: [receiver] open &quot;/home/site/wwwroot/runtimes\win\lib\net6.0\Microsoft.Win32.SystemEvents.dll&quot; failed: Invalid argument (22)
rsync error: some files/attrs were not transferred (see previous errors) (code 23) at main.c(1338) [sender=3.2.7]
/opt/Kudu/Scripts/starter.sh /opt/Kudu/Scripts/parallel_rsync.sh /tmp/zipdeploy/extracted /home/site/wwwroot 8 /tmp/ False True  
   at Kudu.Core.Infrastructure.Executable.ExecuteInternal(ITracer tracer, Func`2 onWriteOutput, Func`2 onWriteError, CancellationToken token, Encoding encoding, String arguments, Object[] args) in /tmp/KuduLite/Kudu.Core/Infrastructure/Executable.cs:line 239
   at Kudu.Core.Infrastructure.Executable.ExecuteWithProgressWriter(ILogger logger, ITracer tracer, CancellationToken token, String arguments, Object[] args) in /tmp/KuduLite/Kudu.Core/Infrastructure/Executable.cs:line 118
   at Kudu.Core.Deployment.Generator.ExternalCommandBuilder.RunCommand(DeploymentContext context, String command, Boolean ignoreManifest, CancellationToken token, String message) in /tmp/KuduLite/Kudu.Core/Deployment/Generator/ExternalCommandBuilder.cs:line 122
   at Kudu.Core.Deployment.Generator.GeneratorSiteBuilder.Build(DeploymentContext context, CancellationToken token) in /tmp/KuduLite/Kudu.Core/Deployment/Generator/GeneratorSiteBuilder.cs:line 70" /><!-- duration: 4ms -->
              <step title="Generating deployment script" date="2025-10-21T20:30:57.362" >
                <step title="Using cached version of the deployment script for command: -y --no-dot-deployment -r &quot;/tmp/zipdeploy/extracted&quot; -o &quot;/home/site/deployments/tools&quot; --basic --sitePath &quot;/tmp/zipdeploy/extracted&quot;" date="2025-10-21T20:30:57.398" /><!-- duration: 9ms -->
              </step><!-- duration: 53ms -->
              <step title="Executing external process" date="2025-10-21T20:30:57.530" type="process" path="starter.sh" arguments="&quot;/home/site/deployments/tools/deploy.sh&quot;" >
                <step title="Process dump" date="2025-10-21T20:30:57.749" exitCode="1" type="processOutput" /><!-- duration: 5ms -->
              </step><!-- duration: 226ms -->
              <step title="Error occurred" date="2025-10-21T20:30:57.766" type="error" text="
/opt/Kudu/Scripts/starter.sh &quot;/home/site/deployments/tools/deploy.sh&quot;" stackTrace="   at Kudu.Core.Infrastructure.Executable.ExecuteInternal(ITracer tracer, Func`2 onWriteOutput, Func`2 onWriteError, CancellationToken token, Encoding encoding, String arguments, Object[] args) in /tmp/KuduLite/Kudu.Core/Infrastructure/Executable.cs:line 239
   at Kudu.Core.Infrastructure.Executable.ExecuteWithProgressWriter(ILogger logger, ITracer tracer, CancellationToken token, String arguments, Object[] args) in /tmp/KuduLite/Kudu.Core/Infrastructure/Executable.cs:line 118
   at Kudu.Core.Deployment.Generator.ExternalCommandBuilder.RunCommand(DeploymentContext context, String command, Boolean ignoreManifest, CancellationToken token, String message) in /tmp/KuduLite/Kudu.Core/Deployment/Generator/ExternalCommandBuilder.cs:line 122" /><!-- duration: 4ms -->
              <step title="Error occurred" date="2025-10-21T20:30:57.782" type="error" text="
/opt/Kudu/Scripts/starter.sh &quot;/home/site/deployments/tools/deploy.sh&quot;" stackTrace="   at Kudu.Core.Infrastructure.Executable.ExecuteInternal(ITracer tracer, Func`2 onWriteOutput, Func`2 onWriteError, CancellationToken token, Encoding encoding, String arguments, Object[] args) in /tmp/KuduLite/Kudu.Core/Infrastructure/Executable.cs:line 239
   at Kudu.Core.Infrastructure.Executable.ExecuteWithProgressWriter(ILogger logger, ITracer tracer, CancellationToken token, String arguments, Object[] args) in /tmp/KuduLite/Kudu.Core/Infrastructure/Executable.cs:line 118
   at Kudu.Core.Deployment.Generator.ExternalCommandBuilder.RunCommand(DeploymentContext context, String command, Boolean ignoreManifest, CancellationToken token, String message) in /tmp/KuduLite/Kudu.Core/Deployment/Generator/ExternalCommandBuilder.cs:line 122
   at Kudu.Core.Deployment.Generator.GeneratorSiteBuilder.Build(DeploymentContext context, CancellationToken token) in /tmp/KuduLite/Kudu.Core/Deployment/Generator/GeneratorSiteBuilder.cs:line 96
--- End of stack trace from previous location ---
   at Kudu.Core.Deployment.DeploymentManager.Build(ChangeSet changeSet, ITracer tracer, IDisposable deployStep, IRepository repository, DeploymentInfoBase deploymentInfo, DeploymentAnalytics deploymentAnalytics, Boolean fullBuildByDefault, CancellationToken cancellationToken) in /tmp/KuduLite/Kudu.Core/Deployment/DeploymentManager.cs:line 771" /><!-- duration: 5ms -->
              <step title="Purge deployment items" date="2025-10-21T20:30:58.038" >
                <step title="Remove fc385334-, Failed, received at 10/21/2025 20:28:57" date="2025-10-21T20:30:58.091" /><!-- duration: 3ms -->
              </step><!-- duration: 59ms -->
            </step><!-- duration: 4819ms -->
          </step><!-- duration: 4938ms -->
          <step title="Error occurred" date="2025-10-21T20:30:58.112" type="error" text="
/opt/Kudu/Scripts/starter.sh &quot;/home/site/deployments/tools/deploy.sh&quot;" stackTrace="   at Kudu.Core.Infrastructure.Executable.ExecuteInternal(ITracer tracer, Func`2 onWriteOutput, Func`2 onWriteError, CancellationToken token, Encoding encoding, String arguments, Object[] args) in /tmp/KuduLite/Kudu.Core/Infrastructure/Executable.cs:line 239
   at Kudu.Core.Infrastructure.Executable.ExecuteWithProgressWriter(ILogger logger, ITracer tracer, CancellationToken token, String arguments, Object[] args) in /tmp/KuduLite/Kudu.Core/Infrastructure/Executable.cs:line 118
   at Kudu.Core.Deployment.Generator.ExternalCommandBuilder.RunCommand(DeploymentContext context, String command, Boolean ignoreManifest, CancellationToken token, String message) in /tmp/KuduLite/Kudu.Core/Deployment/Generator/ExternalCommandBuilder.cs:line 122
   at Kudu.Core.Deployment.Generator.GeneratorSiteBuilder.Build(DeploymentContext context, CancellationToken token) in /tmp/KuduLite/Kudu.Core/Deployment/Generator/GeneratorSiteBuilder.cs:line 96
--- End of stack trace from previous location ---
   at Kudu.Core.Deployment.DeploymentManager.Build(ChangeSet changeSet, ITracer tracer, IDisposable deployStep, IRepository repository, DeploymentInfoBase deploymentInfo, DeploymentAnalytics deploymentAnalytics, Boolean fullBuildByDefault, CancellationToken cancellationToken) in /tmp/KuduLite/Kudu.Core/Deployment/DeploymentManager.cs:line 771
   at Kudu.Core.Deployment.DeploymentManager.Build(ChangeSet changeSet, ITracer tracer, IDisposable deployStep, IRepository repository, DeploymentInfoBase deploymentInfo, DeploymentAnalytics deploymentAnalytics, Boolean fullBuildByDefault, CancellationToken cancellationToken) in /tmp/KuduLite/Kudu.Core/Deployment/DeploymentManager.cs:line 840" /><!-- duration: 3ms -->
          <step title="Cleaning up temp files" date="2025-10-21T20:30:58.161" /><!-- duration: 9ms -->
          <step title="Cleaning up temp files" date="2025-10-21T20:30:58.177" /><!-- duration: 514ms -->
          <step title="Error occurred" date="2025-10-21T20:30:58.723" type="error" text="
/opt/Kudu/Scripts/starter.sh &quot;/home/site/deployments/tools/deploy.sh&quot;" stackTrace="   at Kudu.Core.Infrastructure.Executable.ExecuteInternal(ITracer tracer, Func`2 onWriteOutput, Func`2 onWriteError, CancellationToken token, Encoding encoding, String arguments, Object[] args) in /tmp/KuduLite/Kudu.Core/Infrastructure/Executable.cs:line 239
   at Kudu.Core.Infrastructure.Executable.ExecuteWithProgressWriter(ILogger logger, ITracer tracer, CancellationToken token, String arguments, Object[] args) in /tmp/KuduLite/Kudu.Core/Infrastructure/Executable.cs:line 118
   at Kudu.Core.Deployment.Generator.ExternalCommandBuilder.RunCommand(DeploymentContext context, String command, Boolean ignoreManifest, CancellationToken token, String message) in /tmp/KuduLite/Kudu.Core/Deployment/Generator/ExternalCommandBuilder.cs:line 122
   at Kudu.Core.Deployment.Generator.GeneratorSiteBuilder.Build(DeploymentContext context, CancellationToken token) in /tmp/KuduLite/Kudu.Core/Deployment/Generator/GeneratorSiteBuilder.cs:line 96
--- End of stack trace from previous location ---
   at Kudu.Core.Deployment.DeploymentManager.Build(ChangeSet changeSet, ITracer tracer, IDisposable deployStep, IRepository repository, DeploymentInfoBase deploymentInfo, DeploymentAnalytics deploymentAnalytics, Boolean fullBuildByDefault, CancellationToken cancellationToken) in /tmp/KuduLite/Kudu.Core/Deployment/DeploymentManager.cs:line 771
   at Kudu.Core.Deployment.DeploymentManager.Build(ChangeSet changeSet, ITracer tracer, IDisposable deployStep, IRepository repository, DeploymentInfoBase deploymentInfo, DeploymentAnalytics deploymentAnalytics, Boolean fullBuildByDefault, CancellationToken cancellationToken) in /tmp/KuduLite/Kudu.Core/Deployment/DeploymentManager.cs:line 840
   at Kudu.Core.Deployment.DeploymentManager.DeployAsync(IRepository repository, ChangeSet changeSet, String deployer, Boolean clean, DeploymentInfoBase deploymentInfo, Boolean needFileUpdate, Boolean fullBuildByDefault) in /tmp/KuduLite/Kudu.Core/Deployment/DeploymentManager.cs:line 266" /><!-- duration: 14ms -->
        </step><!-- duration: 5683ms -->
        <step title="Reloading status file with latest updates" date="2025-10-21T20:30:58.786" >
          <step title="WebHooksManager.PublishEventAsync: PostDeployment" date="2025-10-21T20:30:58.805" /><!-- duration: 31ms -->
        </step><!-- duration: 53ms -->
        <step title="Error occurred" date="2025-10-21T20:30:58.843" type="error" text="
/opt/Kudu/Scripts/starter.sh &quot;/home/site/deployments/tools/deploy.sh&quot;" stackTrace="   at Kudu.Core.Infrastructure.Executable.ExecuteInternal(ITracer tracer, Func`2 onWriteOutput, Func`2 onWriteError, CancellationToken token, Encoding encoding, String arguments, Object[] args) in /tmp/KuduLite/Kudu.Core/Infrastructure/Executable.cs:line 239
   at Kudu.Core.Infrastructure.Executable.ExecuteWithProgressWriter(ILogger logger, ITracer tracer, CancellationToken token, String arguments, Object[] args) in /tmp/KuduLite/Kudu.Core/Infrastructure/Executable.cs:line 118
   at Kudu.Core.Deployment.Generator.ExternalCommandBuilder.RunCommand(DeploymentContext context, String command, Boolean ignoreManifest, CancellationToken token, String message) in /tmp/KuduLite/Kudu.Core/Deployment/Generator/ExternalCommandBuilder.cs:line 122
   at Kudu.Core.Deployment.Generator.GeneratorSiteBuilder.Build(DeploymentContext context, CancellationToken token) in /tmp/KuduLite/Kudu.Core/Deployment/Generator/GeneratorSiteBuilder.cs:line 96
--- End of stack trace from previous location ---
   at Kudu.Core.Deployment.DeploymentManager.Build(ChangeSet changeSet, ITracer tracer, IDisposable deployStep, IRepository repository, DeploymentInfoBase deploymentInfo, DeploymentAnalytics deploymentAnalytics, Boolean fullBuildByDefault, CancellationToken cancellationToken) in /tmp/KuduLite/Kudu.Core/Deployment/DeploymentManager.cs:line 771
   at Kudu.Core.Deployment.DeploymentManager.Build(ChangeSet changeSet, ITracer tracer, IDisposable deployStep, IRepository repository, DeploymentInfoBase deploymentInfo, DeploymentAnalytics deploymentAnalytics, Boolean fullBuildByDefault, CancellationToken cancellationToken) in /tmp/KuduLite/Kudu.Core/Deployment/DeploymentManager.cs:line 840
   at Kudu.Core.Deployment.DeploymentManager.DeployAsync(IRepository repository, ChangeSet changeSet, String deployer, Boolean clean, DeploymentInfoBase deploymentInfo, Boolean needFileUpdate, Boolean fullBuildByDefault) in /tmp/KuduLite/Kudu.Core/Deployment/DeploymentManager.cs:line 266" /><!-- duration: 3ms -->
        <step title="Marking deployment as failed and cleaning up the temp deployment" date="2025-10-21T20:30:58.889" /><!-- duration: 5ms -->
      </step><!-- duration: 7392ms -->
      <step title="Error occurred" date="2025-10-21T20:30:59.028" type="error" text="One or more errors occurred. (Deployment failed)" stackTrace="   at System.Threading.Tasks.Task.ThrowIfExceptional(Boolean includeTaskCanceledExceptions)
   at System.Threading.Tasks.Task.Wait(Int32 millisecondsTimeout, CancellationToken cancellationToken)
   at System.Threading.Tasks.Task.Wait()
   at Kudu.Core.Deployment.FetchDeploymentManager.&lt;&gt;c__DisplayClass22_1.&lt;PerformBackgroundDeployment&gt;b__3() in /tmp/KuduLite/Kudu.Core/Deployment/FetchDeploymentManager.cs:line 414
   at Kudu.Contracts.Infrastructure.LockExtensions.TryLockOperation(IOperationLock lockObj, Action operation, String operationName, TimeSpan timeout) in /tmp/KuduLite/Kudu.Contracts/Infrastructure/LockExtensions.cs:line 34
   at Kudu.Contracts.Infrastructure.LockExtensions.LockOperation(IOperationLock lockObj, Action operation, String operationName, TimeSpan timeout) in /tmp/KuduLite/Kudu.Contracts/Infrastructure/LockExtensions.cs:line 46
   at Kudu.Core.Deployment.FetchDeploymentManager.&lt;&gt;c__DisplayClass22_0.&lt;PerformBackgroundDeployment&gt;b__1() in /tmp/KuduLite/Kudu.Core/Deployment/FetchDeploymentManager.cs:line 393" innerText="Deployment failed" innerStackTrace="   at Kudu.Core.Deployment.DeploymentManager.DeployAsync(IRepository repository, ChangeSet changeSet, String deployer, Boolean clean, DeploymentInfoBase deploymentInfo, Boolean needFileUpdate, Boolean fullBuildByDefault) in /tmp/KuduLite/Kudu.Core/Deployment/DeploymentManager.cs:line 307
   at Kudu.Core.Deployment.FetchDeploymentManager.PerformDeployment(DeploymentInfoBase deploymentInfo, IDisposable tempDeployment, ChangeSet tempChangeSet, DeployStatusApiResult updateStatusObj) in /tmp/KuduLite/Kudu.Core/Deployment/FetchDeploymentManager.cs:line 230" /><!-- duration: 3ms -->
    </step><!-- duration: 7422ms -->
