<step title="BackgroundTrace" date="2025-10-21T20:28:53.249" instance="cbe9e9" url="/api/zipdeploy" method="POST" >
  <step title="Creating temporary deployment - FetchDeploymentManager" date="2025-10-21T20:28:53.395" /><!-- duration: 3ms -->
  <step title="Creating temporary deployment" date="2025-10-21T20:28:53.402" /><!-- duration: 143ms -->
  <step title="Performing fetch based deployment" date="2025-10-21T20:28:53.609" >
    <step title="Cleaning up temp folders from previous zip deployments and extracting pushed zip file /tmp/zipdeploy/3da3c41c-0d81-4a15-adac-e043098cbd37.zip (8.66 MB) to /tmp/zipdeploy/extracted" date="2025-10-21T20:28:54.843" >
      <step title="ChmodRecursive Process exited with total time taken in ms: 45" date="2025-10-21T20:28:55.235" /><!-- duration: 3ms -->
    </step><!-- duration: 399ms -->
    <step title="Deployment timer started" date="2025-10-21T20:28:57.262" >
      <step title="DeploymentManager.Deploy(id:fc385334-ded5-4bcc-942c-f4a8102ed33e)" date="2025-10-21T20:28:57.267" >
        <step title="Collecting changeset information" date="2025-10-21T20:28:57.293" /><!-- duration: 77ms -->
        <step title="Updating submodules" date="2025-10-21T20:28:57.375" /><!-- duration: 1121ms -->
        <step title="Determining deployment builder" date="2025-10-21T20:28:58.700" >
          <step title="Builder is BasicBuilder" date="2025-10-21T20:28:58.715" /><!-- duration: 4ms -->
        </step><!-- duration: 24ms -->
        <step title="PreDeployment: context.CleanOutputPath False" date="2025-10-21T20:28:58.775" >
          <step title="PreDeployment: context.OutputPath /home/site/wwwroot" date="2025-10-21T20:28:58.880" >
            <step title="Building" date="2025-10-21T20:28:59.017" >
              <step title="Executing external process" date="2025-10-21T20:28:59.277" type="process" path="starter.sh" arguments="/opt/Kudu/Scripts/parallel_rsync.sh /tmp/zipdeploy/extracted /home/site/wwwroot 8 /tmp/ False True  " >
                <step title="Process dump" date="2025-10-21T20:29:03.553" exitCode="123" type="processOutput" /><!-- duration: 5ms -->
              </step><!-- duration: 4285ms -->
              <step title="Error occurred" date="2025-10-21T20:29:03.609" type="error" text="rsync: [receiver] open &quot;/home/site/wwwroot/publish\publish\appsettings.json&quot; failed: Invalid argument (22)
rsync: [receiver] open &quot;/home/site/wwwroot/runtimes\win-x64\native\vcruntime140.dll&quot; failed: Invalid argument (22)
rsync: [receiver] open &quot;/home/site/wwwroot/runtimes\win\lib\net6.0\System.Drawing.Common.dll&quot; failed: Invalid argument (22)
rsync: [receiver] open &quot;/home/site/wwwroot/publish\appsettings.Production.json&quot; failed: Invalid argument (22)
rsync: [receiver] open &quot;/home/site/wwwroot/publish\publish\SentimentAnalysis.runtimeconfig.json&quot; failed: Invalid argument (22)
rsync: [receiver] open &quot;/home/site/wwwroot/runtimes\win-x64\native\Microsoft.Azure.Cosmos.ServiceInterop.dll&quot; failed: Invalid argument (22)
rsync: [receiver] open &quot;/home/site/wwwroot/publish\SentimentAnalysis.deps.json&quot; failed: Invalid argument (22)
rsync: [receiver] open &quot;/home/site/wwwroot/publish\publish\SentimentAnalysis.deps.json&quot; failed: Invalid argument (22)
rsync: [receiver] open &quot;/home/site/wwwroot/runtimes\unix\lib\net6.0\System.Drawing.Common.dll&quot; failed: Invalid argument (22)
rsync: [receiver] open &quot;/home/site/wwwroot/runtimes\win\lib\net6.0\System.Windows.Extensions.dll&quot; failed: Invalid argument (22)
rsync: [receiver] open &quot;/home/site/wwwroot/runtimes\win-x64\native\Cosmos.CRTCompat.dll&quot; failed: Invalid argument (22)
rsync: [receiver] open &quot;/home/site/wwwroot/runtimes\win-x64\native\vcruntime140_1.dll&quot; failed: Invalid argument (22)
rsync: [receiver] open &quot;/home/site/wwwroot/publish\publish\appsettings.Production.json&quot; failed: Invalid argument (22)
rsync: [receiver] open &quot;/home/site/wwwroot/publish\appsettings.example.json&quot; failed: Invalid argument (22)
rsync: [receiver] open &quot;/home/site/wwwroot/publish\appsettings.json&quot; failed: Invalid argument (22)
rsync: [receiver] open &quot;/home/site/wwwroot/publish\publish\appsettings.example.json&quot; failed: Invalid argument (22)
rsync: [receiver] open &quot;/home/site/wwwroot/runtimes\win-x64\native\msvcp140.dll&quot; failed: Invalid argument (22)
rsync: [receiver] open &quot;/home/site/wwwroot/runtimes\win\lib\net6.0\System.Security.Cryptography.ProtectedData.dll&quot; failed: Invalid argument (22)
rsync: [receiver] open &quot;/home/site/wwwroot/runtimes\win\lib\net6.0\Microsoft.Win32.SystemEvents.dll&quot; failed: Invalid argument (22)
rsync: [receiver] open &quot;/home/site/wwwroot/publish\publish\web.config&quot; failed: Invalid argument (22)
rsync: [receiver] open &quot;/home/site/wwwroot/publish\web.config&quot; failed: Invalid argument (22)
rsync error: some files/attrs were not transferred (see previous errors) (code 23) at main.c(1338) [sender=3.2.7]
rsync: [receiver] open &quot;/home/site/wwwroot/publish\SentimentAnalysis.runtimeconfig.json&quot; failed: Invalid argument (22)
rsync error: some files/attrs were not transferred (see previous errors) (code 23) at main.c(1338) [sender=3.2.7]
rsync error: some files/attrs were not transferred (see previous errors) (code 23) at main.c(1338) [sender=3.2.7]
rsync error: some files/attrs were not transferred (see previous errors) (code 23) at main.c(1338) [sender=3.2.7]
rsync error: some files/attrs were not transferred (see previous errors) (code 23) at main.c(1338) [sender=3.2.7]
rsync error: some files/attrs were not transferred (see previous errors) (code 23) at main.c(1338) [sender=3.2.7]
rsync: [receiver] open &quot;/home/site/wwwroot/publish\appsettings.example.json&quot; failed: Invalid argument (22)
rsync: [receiver] open &quot;/home/site/wwwroot/publish\appsettings.json&quot; failed: Invalid argument (22)
rsync: [receiver] open &quot;/home/site/wwwroot/publish\publish\appsettings.example.json&quot; failed: Invalid argument (22)
rsync error: some files/attrs were not transferred (see previous errors) (code 23) at main.c(1338) [sender=3.2.7]
rsync: [receiver] open &quot;/home/site/wwwroot/publish\publish\appsettings.json&quot; failed: Invalid argument (22)
rsync: [receiver] open &quot;/home/site/wwwroot/runtimes\win-x64\native\vcruntime140.dll&quot; failed: Invalid argument (22)
rsync: [receiver] open &quot;/home/site/wwwroot/publish\appsettings.Production.json&quot; failed: Invalid argument (22)
rsync: [receiver] open &quot;/home/site/wwwroot/publish\publish\SentimentAnalysis.runtimeconfig.json&quot; failed: Invalid argument (22)
rsync: [receiver] open &quot;/home/site/wwwroot/runtimes\win-x64\native\Microsoft.Azure.Cosmos.ServiceInterop.dll&quot; failed: Invalid argument (22)
rsync: [receiver] open &quot;/home/site/wwwroot/runtimes\win\lib\net6.0\System.Drawing.Common.dll&quot; failed: Invalid argument (22)
rsync: [receiver] open &quot;/home/site/wwwroot/publish\SentimentAnalysis.deps.json&quot; failed: Invalid argument (22)
rsync: [receiver] open &quot;/home/site/wwwroot/publish\publish\SentimentAnalysis.deps.json&quot; failed: Invalid argument (22)
rsync: [receiver] open &quot;/home/site/wwwroot/runtimes\unix\lib\net6.0\System.Drawing.Common.dll&quot; failed: Invalid argument (22)
rsync: [receiver] open &quot;/home/site/wwwroot/publish\publish\appsettings.Production.json&quot; failed: Invalid argument (22)
rsync: [receiver] open &quot;/home/site/wwwroot/runtimes\win\lib\net6.0\System.Windows.Extensions.dll&quot; failed: Invalid argument (22)
rsync error: some files/attrs were not transferred (see previous errors) (code 23) at main.c(1338) [sender=3.2.7]
rsync: [receiver] open &quot;/home/site/wwwroot/runtimes\win-x64\native\Cosmos.CRTCompat.dll&quot; failed: Invalid argument (22)
rsync: [receiver] open &quot;/home/site/wwwroot/runtimes\win-x64\native\msvcp140.dll&quot; failed: Invalid argument (22)
rsync: [receiver] open &quot;/home/site/wwwroot/runtimes\win-x64\native\vcruntime140_1.dll&quot; failed: Invalid argument (22)
rsync: [receiver] open &quot;/home/site/wwwroot/publish\publish\web.config&quot; failed: Invalid argument (22)
rsync: [receiver] open &quot;/home/site/wwwroot/publish\web.config&quot; failed: Invalid argument (22)
rsync: [receiver] open &quot;/home/site/wwwroot/runtimes\win\lib\net6.0\System.Security.Cryptography.ProtectedData.dll&quot; failed: Invalid argument (22)
rsync: [receiver] open &quot;/home/site/wwwroot/publish\SentimentAnalysis.runtimeconfig.json&quot; failed: Invalid argument (22)
rsync error: some files/attrs were not transferred (see previous errors) (code 23) at main.c(1338) [sender=3.2.7]
rsync error: some files/attrs were not transferred (see previous errors) (code 23) at main.c(1338) [sender=3.2.7]
rsync error: some files/attrs were not transferred (see previous errors) (code 23) at main.c(1338) [sender=3.2.7]
rsync: [receiver] open &quot;/home/site/wwwroot/runtimes\win\lib\net6.0\Microsoft.Win32.SystemEvents.dll&quot; failed: Invalid argument (22)
rsync error: some files/attrs were not transferred (see previous errors) (code 23) at main.c(1338) [sender=3.2.7]
rsync error: some files/attrs were not transferred (see previous errors) (code 23) at main.c(1338) [sender=3.2.7]
rsync error: some files/attrs were not transferred (see previous errors) (code 23) at main.c(1338) [sender=3.2.7]
rsync error: some files/attrs were not transferred (see previous errors) (code 23) at main.c(1338) [sender=3.2.7]
rsync error: some files/attrs were not transferred (see previous errors) (code 23) at main.c(1338) [sender=3.2.7]
/opt/Kudu/Scripts/starter.sh /opt/Kudu/Scripts/parallel_rsync.sh /tmp/zipdeploy/extracted /home/site/wwwroot 8 /tmp/ False True  " stackTrace="   at Kudu.Core.Infrastructure.Executable.ExecuteInternal(ITracer tracer, Func`2 onWriteOutput, Func`2 onWriteError, CancellationToken token, Encoding encoding, String arguments, Object[] args) in /tmp/KuduLite/Kudu.Core/Infrastructure/Executable.cs:line 239
   at Kudu.Core.Infrastructure.Executable.ExecuteWithProgressWriter(ILogger logger, ITracer tracer, CancellationToken token, String arguments, Object[] args) in /tmp/KuduLite/Kudu.Core/Infrastructure/Executable.cs:line 118
   at Kudu.Core.Deployment.Generator.ExternalCommandBuilder.RunCommand(DeploymentContext context, String command, Boolean ignoreManifest, CancellationToken token, String message) in /tmp/KuduLite/Kudu.Core/Deployment/Generator/ExternalCommandBuilder.cs:line 122" /><!-- duration: 9ms -->
              <step title="Warning" date="2025-10-21T20:29:03.665" type="warning" text="Exception in parallel rsync: ExitCode: 123, Output: Run rsync from: /tmp/zipdeploy/extracted/ to: /home/site/wwwroot/ in 8 parallel threads
Delete options: clean=False, use manifest=True, directory to ignore=
Prev manifest = /opt/Kudu/Scripts/firstDeploymentManifest and next /home/site/deployments/fc385334-ded5-4bcc-942c-f4a8102ed33e/manifest
Cleaning up /tmp//filelist.txt and /tmp//splits
Creating a list of all files at /tmp//filelist.txt
No directory to exclude.
Created /tmp//filelist.txt. Total number of files to be synced = 55.
Created batches from the list of files. Processing 7 files in each thread
Running rsync for filelist /tmp//splits/split.aa from /tmp/zipdeploy/extracted/ to /home/site/wwwroot/
Running rsync for filelist /tmp//splits/split.ab from /tmp/zipdeploy/extracted/ to /home/site/wwwroot/
Running rsync for filelist /tmp//splits/split.ac from /tmp/zipdeploy/extracted/ to /home/site/wwwroot/
Running rsync for filelist /tmp//splits/split.ad from /tmp/zipdeploy/extracted/ to /home/site/wwwroot/
Running rsync for filelist /tmp//splits/split.ae from /tmp/zipdeploy/extracted/ to /home/site/wwwroot/
Running rsync for filelist /tmp//splits/split.af from /tmp/zipdeploy/extracted/ to /home/site/wwwroot/
Running rsync for filelist /tmp//splits/split.ag from /tmp/zipdeploy/extracted/ to /home/site/wwwroot/
Running rsync for filelist /tmp//splits/split.ah from /tmp/zipdeploy/extracted/ to /home/site/wwwroot/

Number of files: 7 (reg: 7)
Number of created files: 4 (reg: 4)
Number of deleted files: 0
Number of regular files transferred: 4
Total file size: 928.74K bytes
Total transferred file size: 597.48K bytes
Literal data: 597.48K bytes
Matched data: 0 bytes
File list size: 0
File list generation time: 0.001 seconds
File list transfer time: 0.000 seconds
Total bytes sent: 254.21K
Total bytes received: 101

sent 254.21K bytes  received 101 bytes  508.62K bytes/sec
total size is 928.74K  speedup is 3.65
Attempt 1: Rsync for filelist /tmp//splits/split.ag completed with exit code 23

Number of files: 7 (reg: 7)
Number of created files: 5 (reg: 5)
Number of deleted files: 0
Number of regular files transferred: 5
Total file size: 4.41M bytes
Total transferred file size: 779.50K bytes
Literal data: 779.50K bytes
Matched data: 0 bytes
File list size: 0
File list generation time: 0.002 seconds
File list transfer time: 0.000 seconds
Total bytes sent: 262.31K
Total bytes received: 117

sent 262.31K bytes  received 117 bytes  524.85K bytes/sec
total size is 4.41M  speedup is 16.80

Number of files: 6 (reg: 6)
Number of created files: 1 (reg: 1)
Number of deleted files: 0
Number of regular files transferred: 2
Total file size: 2.25M bytes
Total transferred file size: 99.95K bytes
Literal data: 99.95K bytes
Matched data: 0 bytes
File list size: 0
File list generation time: 0.001 seconds
File list transfer time: 0.000 seconds
Total bytes sent: 17.92K
Total bytes received: 66

sent 17.92K bytes  received 66 bytes  11.99K bytes/sec
total size is 2.25M  speedup is 125.21

Number of files: 7 (reg: 7)
Number of created files: 3 (reg: 3)
Number of deleted files: 0
Number of regular files transferred: 4
Total file size: 1.01M bytes
Total transferred file size: 151.81K bytes
Literal data: 151.81K bytes
Matched data: 0 bytes
File list size: 0
File list generation time: 0.003 seconds
File list transfer time: 0.000 seconds
Total bytes sent: 71.26K
Total bytes received: 101

sent 71.26K bytes  received 101 bytes  47.58K bytes/sec
total size is 1.01M  speedup is 14.21
Attempt 1: Rsync for filelist /tmp//splits/split.ae completed with exit code 23
Attempt 1: Rsync for filelist /tmp//splits/split.ah completed with exit code 23
Attempt 1: Rsync for filelist /tmp//splits/split.af completed with exit code 23

Number of files: 7 (reg: 7)
Number of created files: 4 (reg: 4)
Number of deleted files: 0
Number of regular files transferred: 4
Total file size: 17.20M bytes
Total transferred file size: 8.37M bytes
Literal data: 8.37M bytes
Matched data: 0 bytes
File list size: 0
File list generation time: 0.005 seconds
File list transfer time: 0.000 seconds
Total bytes sent: 2.37M
Total bytes received: 101

sent 2.37M bytes  received 101 bytes  1.58M bytes/sec
total size is 17.20M  speedup is 7.26
Attempt 1: Rsync for filelist /tmp//splits/split.ac completed with exit code 23

Number of files: 7 (reg: 7)
Number of created files: 2 (reg: 2)
Number of deleted files: 0
Number of regular files transferred: 3
Total file size: 1.45M bytes
Total transferred file size: 729.08K bytes
Literal data: 729.08K bytes
Matched data: 0 bytes
File list size: 0
File list generation time: 0.003 seconds
File list transfer time: 0.000 seconds
Total bytes sent: 242.05K
Total bytes received: 85

sent 242.05K bytes  received 85 bytes  161.43K bytes/sec
total size is 1.45M  speedup is 5.99
Attempt 1: Rsync for filelist /tmp//splits/split.ab completed with exit code 23

Number of files: 7 (reg: 7)
Number of created files: 2 (reg: 2)
Number of deleted files: 0
Number of regular files transferred: 4
Total file size: 632.20K bytes
Total transferred file size: 47.30K bytes
Literal data: 47.30K bytes
Matched data: 0 bytes
File list size: 0
File list generation time: 0.001 seconds
File list transfer time: 0.000 seconds
Total bytes sent: 23.53K
Total bytes received: 101

sent 23.53K bytes  received 101 bytes  15.75K bytes/sec
total size is 632.20K  speedup is 26.75
Attempt 1: Rsync for filelist /tmp//splits/split.ad completed with exit code 23

Number of files: 7 (reg: 7)
Number of created files: 1 (reg: 1)
Number of deleted files: 0
Number of regular files transferred: 3
Total file size: 220.63K bytes
Total transferred file size: 1.88K bytes
Literal data: 1.88K bytes
Matched data: 0 bytes
File list size: 0
File list generation time: 0.001 seconds
File list transfer time: 0.000 seconds
Total bytes sent: 1.66K
Total bytes received: 85

sent 1.66K bytes  received 85 bytes  1.16K bytes/sec
total size is 220.63K  speedup is 126.80
Attempt 1: Rsync for filelist /tmp//splits/split.aa completed with exit code 23

Number of files: 7 (reg: 7)
Number of created files: 3 (reg: 3)
Number of deleted files: 0
Number of regular files transferred: 3
Total file size: 1.01M bytes
Total transferred file size: 1.80K bytes
Literal data: 1.80K bytes
Matched data: 0 bytes
File list size: 0
File list generation time: 0.001 seconds
File list transfer time: 0.000 seconds
Total bytes sent: 1.24K
Total bytes received: 85

sent 1.24K bytes  received 85 bytes  2.65K bytes/sec
total size is 1.01M  speedup is 764.65
Attempt 2: Rsync for filelist /tmp//splits/split.af completed with exit code 23

Number of files: 6 (reg: 6)
Number of created files: 1 (reg: 1)
Number of deleted files: 0
Number of regular files transferred: 1
Total file size: 2.25M bytes
Total transferred file size: 944 bytes
Literal data: 944 bytes
Matched data: 0 bytes
File list size: 0
File list generation time: 0.002 seconds
File list transfer time: 0.000 seconds
Total bytes sent: 1.02K
Total bytes received: 50

sent 1.02K bytes  received 50 bytes  2.13K bytes/sec
total size is 2.25M  speedup is 2,110.10
Attempt 2: Rsync for filelist /tmp//splits/split.ah completed with exit code 23

Number of files: 7 (reg: 7)
Number of created files: 4 (reg: 4)
Number of deleted files: 0
Number of regular files transferred: 4
Total file size: 928.74K bytes
Total transferred file size: 597.48K bytes
Literal data: 597.48K bytes
Matched data: 0 bytes
File list size: 0
File list generation time: 0.002 seconds
File list transfer time: 0.000 seconds
Total bytes sent: 254.21K
Total bytes received: 101

sent 254.21K bytes  received 101 bytes  508.62K bytes/sec
total size is 928.74K  speedup is 3.65
Attempt 2: Rsync for filelist /tmp//splits/split.ag completed with exit code 23

Number of files: 7 (reg: 7)
Number of created files: 5 (reg: 5)
Number of deleted files: 0
Number of regular files transferred: 5
Total file size: 4.41M bytes
Total transferred file size: 779.50K bytes
Literal data: 779.50K bytes
Matched data: 0 bytes
File list size: 0
File list generation time: 0.001 seconds
File list transfer time: 0.000 seconds
Total bytes sent: 262.31K
Total bytes received: 117

sent 262.31K bytes  received 117 bytes  524.85K bytes/sec
total size is 4.41M  speedup is 16.80
Attempt 2: Rsync for filelist /tmp//splits/split.ae completed with exit code 23

Number of files: 7 (reg: 7)
Number of created files: 2 (reg: 2)
Number of deleted files: 0
Number of regular files transferred: 2
Total file size: 1.45M bytes
Total transferred file size: 603.64K bytes
Literal data: 603.64K bytes
Matched data: 0 bytes
File list size: 0
File list generation time: 0.008 seconds
File list transfer time: 0.000 seconds
Total bytes sent: 194.91K
Total bytes received: 69

sent 194.91K bytes  received 69 bytes  389.97K bytes/sec
total size is 1.45M  speedup is 7.43
Attempt 2: Rsync for filelist /tmp//splits/split.ab completed with exit code 23

Number of files: 7 (reg: 7)
Number of created files: 2 (reg: 2)
Number of deleted files: 0
Number of regular files transferred: 2
Total file size: 632.20K bytes
Total transferred file size: 952 bytes
Literal data: 952 bytes
Matched data: 0 bytes
File list size: 0
File list generation time: 0.001 seconds
File list transfer time: 0.000 seconds
Total bytes sent: 752
Total bytes received: 69

sent 752 bytes  received 69 bytes  1.64K bytes/sec
total size is 632.20K  speedup is 770.03
Attempt 2: Rsync for filelist /tmp//splits/split.ad completed with exit code 23

Number of files: 7 (reg: 7)
Number of created files: 1 (reg: 1)
Number of deleted files: 0
Number of regular files transferred: 1
Total file size: 220.63K bytes
Total transferred file size: 488 bytes
Literal data: 488 bytes
Matched data: 0 bytes
File list size: 0
File list generation time: 0.001 seconds
File list transfer time: 0.000 seconds
Total bytes sent: 649
Total bytes received: 53

sent 649 bytes  received 53 bytes  1.40K bytes/sec
total size is 220.63K  speedup is 314.29
Attempt 2: Rsync for filelist /tmp//splits/split.aa completed with exit code 23

Number of files: 7 (reg: 7)
Number of created files: 4 (reg: 4)
Number of deleted files: 0
Number of regular files transferred: 4
Total file size: 17.20M bytes
Total transferred file size: 8.37M bytes
Literal data: 8.37M bytes
Matched data: 0 bytes
File list size: 0
File list generation time: 0.001 seconds
File list transfer time: 0.000 seconds
Total bytes sent: 2.37M
Total bytes received: 101

sent 2.37M bytes  received 101 bytes  4.74M bytes/sec
total size is 17.20M  speedup is 7.26
Attempt 2: Rsync for filelist /tmp//splits/split.ac completed with exit code 23
An error has occurred during web site deployment.
Rsync failed in 1 seconds, Error: rsync: [receiver] open &quot;/home/site/wwwroot/publish\publish\appsettings.json&quot; failed: Invalid argument (22)
rsync: [receiver] open &quot;/home/site/wwwroot/runtimes\win-x64\native\vcruntime140.dll&quot; failed: Invalid argument (22)
rsync: [receiver] open &quot;/home/site/wwwroot/runtimes\win\lib\net6.0\System.Drawing.Common.dll&quot; failed: Invalid argument (22)
rsync: [receiver] open &quot;/home/site/wwwroot/publish\appsettings.Production.json&quot; failed: Invalid argument (22)
rsync: [receiver] open &quot;/home/site/wwwroot/publish\publish\SentimentAnalysis.runtimeconfig.json&quot; failed: Invalid argument (22)
rsync: [receiver] open &quot;/home/site/wwwroot/runtimes\win-x64\native\Microsoft.Azure.Cosmos.ServiceInterop.dll&quot; failed: Invalid argument (22)
rsync: [receiver] open &quot;/home/site/wwwroot/publish\SentimentAnalysis.deps.json&quot; failed: Invalid argument (22)
rsync: [receiver] open &quot;/home/site/wwwroot/publish\publish\SentimentAnalysis.deps.json&quot; failed: Invalid argument (22)
rsync: [receiver] open &quot;/home/site/wwwroot/runtimes\unix\lib\net6.0\System.Drawing.Common.dll&quot; failed: Invalid argument (22)
rsync: [receiver] open &quot;/home/site/wwwroot/runtimes\win\lib\net6.0\System.Windows.Extensions.dll&quot; failed: Invalid argument (22)
rsync: [receiver] open &quot;/home/site/wwwroot/runtimes\win-x64\native\Cosmos.CRTCompat.dll&quot; failed: Invalid argument (22)
rsync: [receiver] open &quot;/home/site/wwwroot/runtimes\win-x64\native\vcruntime140_1.dll&quot; failed: Invalid argument (22)
rsync: [receiver] open &quot;/home/site/wwwroot/publish\publish\appsettings.Production.json&quot; failed: Invalid argument (22)
rsync: [receiver] open &quot;/home/site/wwwroot/publish\appsettings.example.json&quot; failed: Invalid argument (22)
rsync: [receiver] open &quot;/home/site/wwwroot/publish\appsettings.json&quot; failed: Invalid argument (22)
rsync: [receiver] open &quot;/home/site/wwwroot/publish\publish\appsettings.example.json&quot; failed: Invalid argument (22)
rsync: [receiver] open &quot;/home/site/wwwroot/runtimes\win-x64\native\msvcp140.dll&quot; failed: Invalid argument (22)
rsync: [receiver] open &quot;/home/site/wwwroot/runtimes\win\lib\net6.0\System.Security.Cryptography.ProtectedData.dll&quot; failed: Invalid argument (22)
rsync: [receiver] open &quot;/home/site/wwwroot/runtimes\win\lib\net6.0\Microsoft.Win32.SystemEvents.dll&quot; failed: Invalid argument (22)
rsync: [receiver] open &quot;/home/site/wwwroot/publish\publish\web.config&quot; failed: Invalid argument (22)
rsync: [receiver] open &quot;/home/site/wwwroot/publish\web.config&quot; failed: Invalid argument (22)
rsync error: some files/attrs were not transferred (see previous errors) (code 23) at main.c(1338) [sender=3.2.7]
rsync: [receiver] open &quot;/home/site/wwwroot/publish\SentimentAnalysis.runtimeconfig.json&quot; failed: Invalid argument (22)
rsync error: some files/attrs were not transferred (see previous errors) (code 23) at main.c(1338) [sender=3.2.7]
rsync error: some files/attrs were not transferred (see previous errors) (code 23) at main.c(1338) [sender=3.2.7]
rsync error: some files/attrs were not transferred (see previous errors) (code 23) at main.c(1338) [sender=3.2.7]
rsync error: some files/attrs were not transferred (see previous errors) (code 23) at main.c(1338) [sender=3.2.7]
rsync error: some files/attrs were not transferred (see previous errors) (code 23) at main.c(1338) [sender=3.2.7]
rsync: [receiver] open &quot;/home/site/wwwroot/publish\appsettings.example.json&quot; failed: Invalid argument (22)
rsync: [receiver] open &quot;/home/site/wwwroot/publish\appsettings.json&quot; failed: Invalid argument (22)
rsync: [receiver] open &quot;/home/site/wwwroot/publish\publish\appsettings.example.json&quot; failed: Invalid argument (22)
rsync error: some files/attrs were not transferred (see previous errors) (code 23) at main.c(1338) [sender=3.2.7]
rsync: [receiver] open &quot;/home/site/wwwroot/publish\publish\appsettings.json&quot; failed: Invalid argument (22)
rsync: [receiver] open &quot;/home/site/wwwroot/runtimes\win-x64\native\vcruntime140.dll&quot; failed: Invalid argument (22)
rsync: [receiver] open &quot;/home/site/wwwroot/publish\appsettings.Production.json&quot; failed: Invalid argument (22)
rsync: [receiver] open &quot;/home/site/wwwroot/publish\publish\SentimentAnalysis.runtimeconfig.json&quot; failed: Invalid argument (22)
rsync: [receiver] open &quot;/home/site/wwwroot/runtimes\win-x64\native\Microsoft.Azure.Cosmos.ServiceInterop.dll&quot; failed: Invalid argument (22)
rsync: [receiver] open &quot;/home/site/wwwroot/runtimes\win\lib\net6.0\System.Drawing.Common.dll&quot; failed: Invalid argument (22)
rsync: [receiver] open &quot;/home/site/wwwroot/publish\SentimentAnalysis.deps.json&quot; failed: Invalid argument (22)
rsync: [receiver] open &quot;/home/site/wwwroot/publish\publish\SentimentAnalysis.deps.json&quot; failed: Invalid argument (22)
rsync: [receiver] open &quot;/home/site/wwwroot/runtimes\unix\lib\net6.0\System.Drawing.Common.dll&quot; failed: Invalid argument (22)
rsync: [receiver] open &quot;/home/site/wwwroot/publish\publish\appsettings.Production.json&quot; failed: Invalid argument (22)
rsync: [receiver] open &quot;/home/site/wwwroot/runtimes\win\lib\net6.0\System.Windows.Extensions.dll&quot; failed: Invalid argument (22)
rsync error: some files/attrs were not transferred (see previous errors) (code 23) at main.c(1338) [sender=3.2.7]
rsync: [receiver] open &quot;/home/site/wwwroot/runtimes\win-x64\native\Cosmos.CRTCompat.dll&quot; failed: Invalid argument (22)
rsync: [receiver] open &quot;/home/site/wwwroot/runtimes\win-x64\native\msvcp140.dll&quot; failed: Invalid argument (22)
rsync: [receiver] open &quot;/home/site/wwwroot/runtimes\win-x64\native\vcruntime140_1.dll&quot; failed: Invalid argument (22)
rsync: [receiver] open &quot;/home/site/wwwroot/publish\publish\web.config&quot; failed: Invalid argument (22)
rsync: [receiver] open &quot;/home/site/wwwroot/publish\web.config&quot; failed: Invalid argument (22)
rsync: [receiver] open &quot;/home/site/wwwroot/runtimes\win\lib\net6.0\System.Security.Cryptography.ProtectedData.dll&quot; failed: Invalid argument (22)
rsync: [receiver] open &quot;/home/site/wwwroot/publish\SentimentAnalysis.runtimeconfig.json&quot; failed: Invalid argument (22)
rsync error: some files/attrs were not transferred (see previous errors) (code 23) at main.c(1338) [sender=3.2.7]
rsync error: some files/attrs were not transferred (see previous errors) (code 23) at main.c(1338) [sender=3.2.7]
rsync error: some files/attrs were not transferred (see previous errors) (code 23) at main.c(1338) [sender=3.2.7]
rsync: [receiver] open &quot;/home/site/wwwroot/runtimes\win\lib\net6.0\Microsoft.Win32.SystemEvents.dll&quot; failed: Invalid argument (22)
rsync error: some files/attrs were not transferred (see previous errors) (code 23) at main.c(1338) [sender=3.2.7]
rsync error: some files/attrs were not transferred (see previous errors) (code 23) at main.c(1338) [sender=3.2.7]
rsync error: some files/attrs were not transferred (see previous errors) (code 23) at main.c(1338) [sender=3.2.7]
rsync error: some files/attrs were not transferred (see previous errors) (code 23) at main.c(1338) [sender=3.2.7]
rsync error: some files/attrs were not transferred (see previous errors) (code 23) at main.c(1338) [sender=3.2.7], Kudu.Core.Infrastructure.CommandLineException: rsync: [receiver] open &quot;/home/site/wwwroot/publish\publish\appsettings.json&quot; failed: Invalid argument (22)
rsync: [receiver] open &quot;/home/site/wwwroot/runtimes\win-x64\native\vcruntime140.dll&quot; failed: Invalid argument (22)
rsync: [receiver] open &quot;/home/site/wwwroot/runtimes\win\lib\net6.0\System.Drawing.Common.dll&quot; failed: Invalid argument (22)
rsync: [receiver] open &quot;/home/site/wwwroot/publish\appsettings.Production.json&quot; failed: Invalid argument (22)
rsync: [receiver] open &quot;/home/site/wwwroot/publish\publish\SentimentAnalysis.runtimeconfig.json&quot; failed: Invalid argument (22)
rsync: [receiver] open &quot;/home/site/wwwroot/runtimes\win-x64\native\Microsoft.Azure.Cosmos.ServiceInterop.dll&quot; failed: Invalid argument (22)
rsync: [receiver] open &quot;/home/site/wwwroot/publish\SentimentAnalysis.deps.json&quot; failed: Invalid argument (22)
rsync: [receiver] open &quot;/home/site/wwwroot/publish\publish\SentimentAnalysis.deps.json&quot; failed: Invalid argument (22)
rsync: [receiver] open &quot;/home/site/wwwroot/runtimes\unix\lib\net6.0\System.Drawing.Common.dll&quot; failed: Invalid argument (22)
rsync: [receiver] open &quot;/home/site/wwwroot/runtimes\win\lib\net6.0\System.Windows.Extensions.dll&quot; failed: Invalid argument (22)
rsync: [receiver] open &quot;/home/site/wwwroot/runtimes\win-x64\native\Cosmos.CRTCompat.dll&quot; failed: Invalid argument (22)
rsync: [receiver] open &quot;/home/site/wwwroot/runtimes\win-x64\native\vcruntime140_1.dll&quot; failed: Invalid argument (22)
rsync: [receiver] open &quot;/home/site/wwwroot/publish\publish\appsettings.Production.json&quot; failed: Invalid argument (22)
rsync: [receiver] open &quot;/home/site/wwwroot/publish\appsettings.example.json&quot; failed: Invalid argument (22)
rsync: [receiver] open &quot;/home/site/wwwroot/publish\appsettings.json&quot; failed: Invalid argument (22)
rsync: [receiver] open &quot;/home/site/wwwroot/publish\publish\appsettings.example.json&quot; failed: Invalid argument (22)
rsync: [receiver] open &quot;/home/site/wwwroot/runtimes\win-x64\native\msvcp140.dll&quot; failed: Invalid argument (22)
rsync: [receiver] open &quot;/home/site/wwwroot/runtimes\win\lib\net6.0\System.Security.Cryptography.ProtectedData.dll&quot; failed: Invalid argument (22)
rsync: [receiver] open &quot;/home/site/wwwroot/runtimes\win\lib\net6.0\Microsoft.Win32.SystemEvents.dll&quot; failed: Invalid argument (22)
rsync: [receiver] open &quot;/home/site/wwwroot/publish\publish\web.config&quot; failed: Invalid argument (22)
rsync: [receiver] open &quot;/home/site/wwwroot/publish\web.config&quot; failed: Invalid argument (22)
rsync error: some files/attrs were not transferred (see previous errors) (code 23) at main.c(1338) [sender=3.2.7]
rsync: [receiver] open &quot;/home/site/wwwroot/publish\SentimentAnalysis.runtimeconfig.json&quot; failed: Invalid argument (22)
rsync error: some files/attrs were not transferred (see previous errors) (code 23) at main.c(1338) [sender=3.2.7]
rsync error: some files/attrs were not transferred (see previous errors) (code 23) at main.c(1338) [sender=3.2.7]
rsync error: some files/attrs were not transferred (see previous errors) (code 23) at main.c(1338) [sender=3.2.7]
rsync error: some files/attrs were not transferred (see previous errors) (code 23) at main.c(1338) [sender=3.2.7]
rsync error: some files/attrs were not transferred (see previous errors) (code 23) at main.c(1338) [sender=3.2.7]
rsync: [receiver] open &quot;/home/site/wwwroot/publish\appsettings.example.json&quot; failed: Invalid argument (22)
rsync: [receiver] open &quot;/home/site/wwwroot/publish\appsettings.json&quot; failed: Invalid argument (22)
rsync: [receiver] open &quot;/home/site/wwwroot/publish\publish\appsettings.example.json&quot; failed: Invalid argument (22)
rsync error: some files/attrs were not transferred (see previous errors) (code 23) at main.c(1338) [sender=3.2.7]
rsync: [receiver] open &quot;/home/site/wwwroot/publish\publish\appsettings.json&quot; failed: Invalid argument (22)
rsync: [receiver] open &quot;/home/site/wwwroot/runtimes\win-x64\native\vcruntime140.dll&quot; failed: Invalid argument (22)
rsync: [receiver] open &quot;/home/site/wwwroot/publish\appsettings.Production.json&quot; failed: Invalid argument (22)
rsync: [receiver] open &quot;/home/site/wwwroot/publish\publish\SentimentAnalysis.runtimeconfig.json&quot; failed: Invalid argument (22)
rsync: [receiver] open &quot;/home/site/wwwroot/runtimes\win-x64\native\Microsoft.Azure.Cosmos.ServiceInterop.dll&quot; failed: Invalid argument (22)
rsync: [receiver] open &quot;/home/site/wwwroot/runtimes\win\lib\net6.0\System.Drawing.Common.dll&quot; failed: Invalid argument (22)
rsync: [receiver] open &quot;/home/site/wwwroot/publish\SentimentAnalysis.deps.json&quot; failed: Invalid argument (22)
rsync: [receiver] open &quot;/home/site/wwwroot/publish\publish\SentimentAnalysis.deps.json&quot; failed: Invalid argument (22)
rsync: [receiver] open &quot;/home/site/wwwroot/runtimes\unix\lib\net6.0\System.Drawing.Common.dll&quot; failed: Invalid argument (22)
rsync: [receiver] open &quot;/home/site/wwwroot/publish\publish\appsettings.Production.json&quot; failed: Invalid argument (22)
rsync: [receiver] open &quot;/home/site/wwwroot/runtimes\win\lib\net6.0\System.Windows.Extensions.dll&quot; failed: Invalid argument (22)
rsync error: some files/attrs were not transferred (see previous errors) (code 23) at main.c(1338) [sender=3.2.7]
rsync: [receiver] open &quot;/home/site/wwwroot/runtimes\win-x64\native\Cosmos.CRTCompat.dll&quot; failed: Invalid argument (22)
rsync: [receiver] open &quot;/home/site/wwwroot/runtimes\win-x64\native\msvcp140.dll&quot; failed: Invalid argument (22)
rsync: [receiver] open &quot;/home/site/wwwroot/runtimes\win-x64\native\vcruntime140_1.dll&quot; failed: Invalid argument (22)
rsync: [receiver] open &quot;/home/site/wwwroot/publish\publish\web.config&quot; failed: Invalid argument (22)
rsync: [receiver] open &quot;/home/site/wwwroot/publish\web.config&quot; failed: Invalid argument (22)
rsync: [receiver] open &quot;/home/site/wwwroot/runtimes\win\lib\net6.0\System.Security.Cryptography.ProtectedData.dll&quot; failed: Invalid argument (22)
rsync: [receiver] open &quot;/home/site/wwwroot/publish\SentimentAnalysis.runtimeconfig.json&quot; failed: Invalid argument (22)
rsync error: some files/attrs were not transferred (see previous errors) (code 23) at main.c(1338) [sender=3.2.7]
rsync error: some files/attrs were not transferred (see previous errors) (code 23) at main.c(1338) [sender=3.2.7]
rsync error: some files/attrs were not transferred (see previous errors) (code 23) at main.c(1338) [sender=3.2.7]
rsync: [receiver] open &quot;/home/site/wwwroot/runtimes\win\lib\net6.0\Microsoft.Win32.SystemEvents.dll&quot; failed: Invalid argument (22)
rsync error: some files/attrs were not transferred (see previous errors) (code 23) at main.c(1338) [sender=3.2.7]
rsync error: some files/attrs were not transferred (see previous errors) (code 23) at main.c(1338) [sender=3.2.7]
rsync error: some files/attrs were not transferred (see previous errors) (code 23) at main.c(1338) [sender=3.2.7]
rsync error: some files/attrs were not transferred (see previous errors) (code 23) at main.c(1338) [sender=3.2.7]
rsync error: some files/attrs were not transferred (see previous errors) (code 23) at main.c(1338) [sender=3.2.7]
/opt/Kudu/Scripts/starter.sh /opt/Kudu/Scripts/parallel_rsync.sh /tmp/zipdeploy/extracted /home/site/wwwroot 8 /tmp/ False True  
   at Kudu.Core.Infrastructure.Executable.ExecuteInternal(ITracer tracer, Func`2 onWriteOutput, Func`2 onWriteError, CancellationToken token, Encoding encoding, String arguments, Object[] args) in /tmp/KuduLite/Kudu.Core/Infrastructure/Executable.cs:line 239
   at Kudu.Core.Infrastructure.Executable.ExecuteWithProgressWriter(ILogger logger, ITracer tracer, CancellationToken token, String arguments, Object[] args) in /tmp/KuduLite/Kudu.Core/Infrastructure/Executable.cs:line 118
   at Kudu.Core.Deployment.Generator.ExternalCommandBuilder.RunCommand(DeploymentContext context, String command, Boolean ignoreManifest, CancellationToken token, String message) in /tmp/KuduLite/Kudu.Core/Deployment/Generator/ExternalCommandBuilder.cs:line 122
   at Kudu.Core.Deployment.Generator.GeneratorSiteBuilder.Build(DeploymentContext context, CancellationToken token) in /tmp/KuduLite/Kudu.Core/Deployment/Generator/GeneratorSiteBuilder.cs:line 70" /><!-- duration: 6ms -->
              <step title="Generating deployment script" date="2025-10-21T20:29:03.676" >
                <step title="Executing external process" date="2025-10-21T20:29:03.715" type="process" path="starter.sh" arguments="&quot;/opt/Kudu/node_modules/.bin/kuduscript&quot; -y --no-dot-deployment -r &quot;/tmp/zipdeploy/extracted&quot; -o &quot;/home/site/deployments/tools&quot; --basic --sitePath &quot;/tmp/zipdeploy/extracted&quot;" /><!-- duration: 615ms -->
                <step title="Saved cached version of the deployment script for command -y --no-dot-deployment -r &quot;/tmp/zipdeploy/extracted&quot; -o &quot;/home/site/deployments/tools&quot; --basic --sitePath &quot;/tmp/zipdeploy/extracted&quot;" date="2025-10-21T20:29:04.366" /><!-- duration: 4ms -->
              </step><!-- duration: 697ms -->
              <step title="Executing external process" date="2025-10-21T20:29:04.497" type="process" path="starter.sh" arguments="&quot;/home/site/deployments/tools/deploy.sh&quot;" >
                <step title="Process dump" date="2025-10-21T20:29:04.799" exitCode="1" type="processOutput" /><!-- duration: 5ms -->
              </step><!-- duration: 309ms -->
              <step title="Error occurred" date="2025-10-21T20:29:04.821" type="error" text="
/opt/Kudu/Scripts/starter.sh &quot;/home/site/deployments/tools/deploy.sh&quot;" stackTrace="   at Kudu.Core.Infrastructure.Executable.ExecuteInternal(ITracer tracer, Func`2 onWriteOutput, Func`2 onWriteError, CancellationToken token, Encoding encoding, String arguments, Object[] args) in /tmp/KuduLite/Kudu.Core/Infrastructure/Executable.cs:line 239
   at Kudu.Core.Infrastructure.Executable.ExecuteWithProgressWriter(ILogger logger, ITracer tracer, CancellationToken token, String arguments, Object[] args) in /tmp/KuduLite/Kudu.Core/Infrastructure/Executable.cs:line 118
   at Kudu.Core.Deployment.Generator.ExternalCommandBuilder.RunCommand(DeploymentContext context, String command, Boolean ignoreManifest, CancellationToken token, String message) in /tmp/KuduLite/Kudu.Core/Deployment/Generator/ExternalCommandBuilder.cs:line 122" /><!-- duration: 3ms -->
              <step title="Error occurred" date="2025-10-21T20:29:04.829" type="error" text="
/opt/Kudu/Scripts/starter.sh &quot;/home/site/deployments/tools/deploy.sh&quot;" stackTrace="   at Kudu.Core.Infrastructure.Executable.ExecuteInternal(ITracer tracer, Func`2 onWriteOutput, Func`2 onWriteError, CancellationToken token, Encoding encoding, String arguments, Object[] args) in /tmp/KuduLite/Kudu.Core/Infrastructure/Executable.cs:line 239
   at Kudu.Core.Infrastructure.Executable.ExecuteWithProgressWriter(ILogger logger, ITracer tracer, CancellationToken token, String arguments, Object[] args) in /tmp/KuduLite/Kudu.Core/Infrastructure/Executable.cs:line 118
   at Kudu.Core.Deployment.Generator.ExternalCommandBuilder.RunCommand(DeploymentContext context, String command, Boolean ignoreManifest, CancellationToken token, String message) in /tmp/KuduLite/Kudu.Core/Deployment/Generator/ExternalCommandBuilder.cs:line 122
   at Kudu.Core.Deployment.Generator.GeneratorSiteBuilder.Build(DeploymentContext context, CancellationToken token) in /tmp/KuduLite/Kudu.Core/Deployment/Generator/GeneratorSiteBuilder.cs:line 96
--- End of stack trace from previous location ---
   at Kudu.Core.Deployment.DeploymentManager.Build(ChangeSet changeSet, ITracer tracer, IDisposable deployStep, IRepository repository, DeploymentInfoBase deploymentInfo, DeploymentAnalytics deploymentAnalytics, Boolean fullBuildByDefault, CancellationToken cancellationToken) in /tmp/KuduLite/Kudu.Core/Deployment/DeploymentManager.cs:line 771" /><!-- duration: 3ms -->
              <step title="Purge deployment items" date="2025-10-21T20:29:05.077" >
                <step title="Remove 1f046a6a-, Failed, received at 10/17/2025 17:53:57" date="2025-10-21T20:29:05.137" /><!-- duration: 4ms -->
              </step><!-- duration: 71ms -->
            </step><!-- duration: 6139ms -->
          </step><!-- duration: 6280ms -->
          <step title="Error occurred" date="2025-10-21T20:29:05.166" type="error" text="
/opt/Kudu/Scripts/starter.sh &quot;/home/site/deployments/tools/deploy.sh&quot;" stackTrace="   at Kudu.Core.Infrastructure.Executable.ExecuteInternal(ITracer tracer, Func`2 onWriteOutput, Func`2 onWriteError, CancellationToken token, Encoding encoding, String arguments, Object[] args) in /tmp/KuduLite/Kudu.Core/Infrastructure/Executable.cs:line 239
   at Kudu.Core.Infrastructure.Executable.ExecuteWithProgressWriter(ILogger logger, ITracer tracer, CancellationToken token, String arguments, Object[] args) in /tmp/KuduLite/Kudu.Core/Infrastructure/Executable.cs:line 118
   at Kudu.Core.Deployment.Generator.ExternalCommandBuilder.RunCommand(DeploymentContext context, String command, Boolean ignoreManifest, CancellationToken token, String message) in /tmp/KuduLite/Kudu.Core/Deployment/Generator/ExternalCommandBuilder.cs:line 122
   at Kudu.Core.Deployment.Generator.GeneratorSiteBuilder.Build(DeploymentContext context, CancellationToken token) in /tmp/KuduLite/Kudu.Core/Deployment/Generator/GeneratorSiteBuilder.cs:line 96
--- End of stack trace from previous location ---
   at Kudu.Core.Deployment.DeploymentManager.Build(ChangeSet changeSet, ITracer tracer, IDisposable deployStep, IRepository repository, DeploymentInfoBase deploymentInfo, DeploymentAnalytics deploymentAnalytics, Boolean fullBuildByDefault, CancellationToken cancellationToken) in /tmp/KuduLite/Kudu.Core/Deployment/DeploymentManager.cs:line 771
   at Kudu.Core.Deployment.DeploymentManager.Build(ChangeSet changeSet, ITracer tracer, IDisposable deployStep, IRepository repository, DeploymentInfoBase deploymentInfo, DeploymentAnalytics deploymentAnalytics, Boolean fullBuildByDefault, CancellationToken cancellationToken) in /tmp/KuduLite/Kudu.Core/Deployment/DeploymentManager.cs:line 840" /><!-- duration: 3ms -->
          <step title="Cleaning up temp files" date="2025-10-21T20:29:05.216" /><!-- duration: 7ms -->
          <step title="Cleaning up temp files" date="2025-10-21T20:29:05.233" /><!-- duration: 509ms -->
          <step title="Error occurred" date="2025-10-21T20:29:05.803" type="error" text="
/opt/Kudu/Scripts/starter.sh &quot;/home/site/deployments/tools/deploy.sh&quot;" stackTrace="   at Kudu.Core.Infrastructure.Executable.ExecuteInternal(ITracer tracer, Func`2 onWriteOutput, Func`2 onWriteError, CancellationToken token, Encoding encoding, String arguments, Object[] args) in /tmp/KuduLite/Kudu.Core/Infrastructure/Executable.cs:line 239
   at Kudu.Core.Infrastructure.Executable.ExecuteWithProgressWriter(ILogger logger, ITracer tracer, CancellationToken token, String arguments, Object[] args) in /tmp/KuduLite/Kudu.Core/Infrastructure/Executable.cs:line 118
   at Kudu.Core.Deployment.Generator.ExternalCommandBuilder.RunCommand(DeploymentContext context, String command, Boolean ignoreManifest, CancellationToken token, String message) in /tmp/KuduLite/Kudu.Core/Deployment/Generator/ExternalCommandBuilder.cs:line 122
   at Kudu.Core.Deployment.Generator.GeneratorSiteBuilder.Build(DeploymentContext context, CancellationToken token) in /tmp/KuduLite/Kudu.Core/Deployment/Generator/GeneratorSiteBuilder.cs:line 96
--- End of stack trace from previous location ---
   at Kudu.Core.Deployment.DeploymentManager.Build(ChangeSet changeSet, ITracer tracer, IDisposable deployStep, IRepository repository, DeploymentInfoBase deploymentInfo, DeploymentAnalytics deploymentAnalytics, Boolean fullBuildByDefault, CancellationToken cancellationToken) in /tmp/KuduLite/Kudu.Core/Deployment/DeploymentManager.cs:line 771
   at Kudu.Core.Deployment.DeploymentManager.Build(ChangeSet changeSet, ITracer tracer, IDisposable deployStep, IRepository repository, DeploymentInfoBase deploymentInfo, DeploymentAnalytics deploymentAnalytics, Boolean fullBuildByDefault, CancellationToken cancellationToken) in /tmp/KuduLite/Kudu.Core/Deployment/DeploymentManager.cs:line 840
   at Kudu.Core.Deployment.DeploymentManager.DeployAsync(IRepository repository, ChangeSet changeSet, String deployer, Boolean clean, DeploymentInfoBase deploymentInfo, Boolean needFileUpdate, Boolean fullBuildByDefault) in /tmp/KuduLite/Kudu.Core/Deployment/DeploymentManager.cs:line 266" /><!-- duration: 5ms -->
        </step><!-- duration: 7037ms -->
        <step title="Reloading status file with latest updates" date="2025-10-21T20:29:05.872" >
          <step title="WebHooksManager.PublishEventAsync: PostDeployment" date="2025-10-21T20:29:05.876" /><!-- duration: 49ms -->
        </step><!-- duration: 61ms -->
        <step title="Error occurred" date="2025-10-21T20:29:05.936" type="error" text="
/opt/Kudu/Scripts/starter.sh &quot;/home/site/deployments/tools/deploy.sh&quot;" stackTrace="   at Kudu.Core.Infrastructure.Executable.ExecuteInternal(ITracer tracer, Func`2 onWriteOutput, Func`2 onWriteError, CancellationToken token, Encoding encoding, String arguments, Object[] args) in /tmp/KuduLite/Kudu.Core/Infrastructure/Executable.cs:line 239
   at Kudu.Core.Infrastructure.Executable.ExecuteWithProgressWriter(ILogger logger, ITracer tracer, CancellationToken token, String arguments, Object[] args) in /tmp/KuduLite/Kudu.Core/Infrastructure/Executable.cs:line 118
   at Kudu.Core.Deployment.Generator.ExternalCommandBuilder.RunCommand(DeploymentContext context, String command, Boolean ignoreManifest, CancellationToken token, String message) in /tmp/KuduLite/Kudu.Core/Deployment/Generator/ExternalCommandBuilder.cs:line 122
   at Kudu.Core.Deployment.Generator.GeneratorSiteBuilder.Build(DeploymentContext context, CancellationToken token) in /tmp/KuduLite/Kudu.Core/Deployment/Generator/GeneratorSiteBuilder.cs:line 96
--- End of stack trace from previous location ---
   at Kudu.Core.Deployment.DeploymentManager.Build(ChangeSet changeSet, ITracer tracer, IDisposable deployStep, IRepository repository, DeploymentInfoBase deploymentInfo, DeploymentAnalytics deploymentAnalytics, Boolean fullBuildByDefault, CancellationToken cancellationToken) in /tmp/KuduLite/Kudu.Core/Deployment/DeploymentManager.cs:line 771
   at Kudu.Core.Deployment.DeploymentManager.Build(ChangeSet changeSet, ITracer tracer, IDisposable deployStep, IRepository repository, DeploymentInfoBase deploymentInfo, DeploymentAnalytics deploymentAnalytics, Boolean fullBuildByDefault, CancellationToken cancellationToken) in /tmp/KuduLite/Kudu.Core/Deployment/DeploymentManager.cs:line 840
   at Kudu.Core.Deployment.DeploymentManager.DeployAsync(IRepository repository, ChangeSet changeSet, String deployer, Boolean clean, DeploymentInfoBase deploymentInfo, Boolean needFileUpdate, Boolean fullBuildByDefault) in /tmp/KuduLite/Kudu.Core/Deployment/DeploymentManager.cs:line 266" /><!-- duration: 4ms -->
        <step title="Marking deployment as failed and cleaning up the temp deployment" date="2025-10-21T20:29:05.982" /><!-- duration: 4ms -->
      </step><!-- duration: 8827ms -->
      <step title="Error occurred" date="2025-10-21T20:29:06.111" type="error" text="One or more errors occurred. (Deployment failed)" stackTrace="   at System.Threading.Tasks.Task.ThrowIfExceptional(Boolean includeTaskCanceledExceptions)
   at System.Threading.Tasks.Task.Wait(Int32 millisecondsTimeout, CancellationToken cancellationToken)
   at System.Threading.Tasks.Task.Wait()
   at Kudu.Core.Deployment.FetchDeploymentManager.&lt;&gt;c__DisplayClass22_1.&lt;PerformBackgroundDeployment&gt;b__3() in /tmp/KuduLite/Kudu.Core/Deployment/FetchDeploymentManager.cs:line 414
   at Kudu.Contracts.Infrastructure.LockExtensions.TryLockOperation(IOperationLock lockObj, Action operation, String operationName, TimeSpan timeout) in /tmp/KuduLite/Kudu.Contracts/Infrastructure/LockExtensions.cs:line 34
   at Kudu.Contracts.Infrastructure.LockExtensions.LockOperation(IOperationLock lockObj, Action operation, String operationName, TimeSpan timeout) in /tmp/KuduLite/Kudu.Contracts/Infrastructure/LockExtensions.cs:line 46
   at Kudu.Core.Deployment.FetchDeploymentManager.&lt;&gt;c__DisplayClass22_0.&lt;PerformBackgroundDeployment&gt;b__1() in /tmp/KuduLite/Kudu.Core/Deployment/FetchDeploymentManager.cs:line 393" innerText="Deployment failed" innerStackTrace="   at Kudu.Core.Deployment.DeploymentManager.DeployAsync(IRepository repository, ChangeSet changeSet, String deployer, Boolean clean, DeploymentInfoBase deploymentInfo, Boolean needFileUpdate, Boolean fullBuildByDefault) in /tmp/KuduLite/Kudu.Core/Deployment/DeploymentManager.cs:line 307
   at Kudu.Core.Deployment.FetchDeploymentManager.PerformDeployment(DeploymentInfoBase deploymentInfo, IDisposable tempDeployment, ChangeSet tempChangeSet, DeployStatusApiResult updateStatusObj) in /tmp/KuduLite/Kudu.Core/Deployment/FetchDeploymentManager.cs:line 230" /><!-- duration: 3ms -->
    </step><!-- duration: 8854ms -->
