﻿<?xml version="1.0" encoding="utf-8"?>
<deployment>
  <id>354b0349-d8ca-4f72-9be1-694be43cf0cd</id>
  <author>N/A</author>
  <deployer>OneDeploy</deployer>
  <authorEmail>N/A</authorEmail>
  <message>OneDeploy</message>
  <progress></progress>
  <status>Success</status>
  <statusText></statusText>
  <lastSuccessEndTime>2025-10-22T20:11:13.4736094Z</lastSuccessEndTime>
  <receivedTime>2025-10-22T20:11:06.7620214Z</receivedTime>
  <startTime>2025-10-22T20:11:08.1241273Z</startTime>
  <endTime>2025-10-22T20:11:13.4736094Z</endTime>
  <complete>True</complete>
  <is_temp>False</is_temp>
  <is_readonly>True</is_readonly>
  <buildSummary />
</deployment>