<step title="Incoming Request" date="2025-10-21T20:30:47.079" instance="cbe9e9" url="/api/zipdeploy?isAsync=true" method="POST" type="request" pid="822,1,33" Accept="*/*" Host="sentiment-analysis-ryan-20241215-ezgkezdjfsdpf8by.scm.eastus-01.azurewebsites.net" User-Agent="AZURECLI/2.77.0 (MSI)" Accept-Encoding="gzip, deflate" Authorization="Bea..." Cache-Control="no-cache" Content-Type="application/octet-stream" Content-Length="9100168" x-ms-client-request-id="cd6f57c6-aebc-11f0-a565-08920435fd22" x-ms-artifact-checksum="da13c16a8d1702de87abb46ffc0461787f7ff8f1e431e2a6e56ad8cb70f8723d" X-ARR-LOG-ID="cd6f57c6-aebc-11f0-a565-08920435fd22" CLIENT-IP="170.85.56.92:60019" X-SITE-DEPLOYMENT-ID="sentiment-analysis-ryan-20241215" WAS-DEFAULT-HOSTNAME="sentiment-analysis-ryan-20241215-ezgkezdjfsdpf8by.scm.eastus-01.azurewebsites.net" X-Forwarded-Proto="https" X-AppService-Proto="https" X-Forwarded-TlsVersion="1.3" X-WAWS-Unencoded-URL="/api/zipdeploy?isAsync=true" X-Client-IP="170.85.56.92" X-Client-Port="60019" >
  <step title="Cleanup Xml Logs" date="2025-10-21T20:30:47.081" /><!-- duration: 11ms -->
  <step title="ZipPushDeploy" date="2025-10-21T20:30:47.107" >
    <step title="ZipDeploy. Extract zip." date="2025-10-21T20:30:47.114" /><!-- duration: 3ms -->
    <step title="Starting PushDeployAsync" date="2025-10-21T20:30:47.121" /><!-- duration: 4ms -->
    <step title="Writing artifact to /tmp/zipdeploy/b5042e14-4511-45a7-ba58-35c4c7efb78d.zip" date="2025-10-21T20:30:47.131" >
      <step title="Writing multipart request body to /tmp/zipdeploy/b5042e14-4511-45a7-ba58-35c4c7efb78d.zip" date="2025-10-21T20:30:47.137" /><!-- duration: 8ms -->
    </step><!-- duration: 965ms -->
    <step title="Start deployment in the background" date="2025-10-21T20:30:48.110" >
      <step title="Acquiring Deployment Lock" date="2025-10-21T20:30:48.123" /><!-- duration: 3ms -->
      <step title="Acquired Deployment Lock" date="2025-10-21T20:30:48.150" /><!-- duration: 3ms -->
    </step><!-- duration: 107ms -->
  </step><!-- duration: 1113ms -->
  <step title="Outgoing response" date="2025-10-21T20:30:48.226" type="response" statusCode="202" statusText="Accepted" /><!-- duration: 5ms -->
</step><!-- duration: 1155ms -->
